year,AR,AU,BR,CA,CH,CL,CN,CO,CZ,DK,GB,GR,HK,HR,HU,ID,IL,IN,IS,JP,KR,KW,MA,MK,MX,MY,NO,NZ,PE,PH,PL,RO,RS,RU,SA,SE,TH,TR,US,XM,ZA
2000,428.0,505.9,1582.1,900.6,266.6,145.4,3741.8,264.9,167.5,153.0,1568.4,203.4,188.1,47.7,121.2,1002.4,161.9,2148.4,8.5,3512.9,904.3,114.7,112.8,12.5,1154.4,299.2,165.3,82.9,133.3,268.0,410.2,131.3,48.2,1000.6,786.9,262.9,459.3,610.0,10251.0,8247.3,381.8
2001,418.3,533.7,1640.2,938.1,276.9,153.3,4144.5,275.4,180.9,157.9,1656.5,220.5,193.4,50.1,134.7,1062.3,166.0,2302.7,9.2,3604.9,968.4,117.6,124.2,12.3,1175.1,307.5,170.1,87.4,137.2,282.4,427.4,144.3,51.0,1074.6,807.4,266.4,485.8,597.2,10581.9,8666.0,400.9
2002,378.5,566.9,1716.6,971.0,286.2,160.7,4597.6,286.7,187.1,164.9,1731.7,239.7,199.7,55.0,147.6,1127.4,171.3,2427.5,9.5,3703.0,1056.4,123.0,130.9,12.9,1194.4,329.1,172.2,92.0,146.9,297.4,452.7,155.6,56.7,1167.9,814.3,276.6,523.7,613.8,10929.1,9054.9,422.2
2003,420.1,594.9,1770.5,1023.6,287.8,171.6,5162.6,303.8,199.8,166.4,1814.1,254.1,209.9,58.9,156.6,1204.6,165.1,2670.0,9.6,3798.6,1097.7,147.2,141.7,13.4,1242.5,355.1,176.4,96.6,156.0,318.7,471.0,163.1,60.0,1338.7,903.2,284.8,572.4,642.7,11456.4,9262.6,443.2
2004,470.4,634.1,1922.8,1083.7,300.6,188.0,5839.0,328.6,214.0,178.4,1929.2,272.0,234.2,63.2,164.2,1299.2,177.4,2959.0,10.5,3978.0,1185.6,166.6,152.1,14.6,1321.4,389.4,196.2,102.7,168.2,348.8,512.1,192.8,65.0,1473.3,1007.6,304.0,624.8,738.1,12217.2,9684.5,475.9
2005,528.0,667.6,2046.6,1171.3,313.4,205.2,6711.8,355.2,225.8,185.6,1983.1,274.7,259.4,66.6,172.4,1416.2,177.9,3293.6,11.3,4148.0,1261.4,190.1,161.9,16.0,1403.1,423.0,222.8,106.1,184.3,377.5,531.9,204.7,69.9,1696.7,1100.9,308.8,671.3,818.3,13039.2,10087.8,516.7
2006,588.1,713.5,2193.3,1241.7,351.6,256.1,7795.8,390.8,244.9,203.3,2121.7,309.4,286.3,76.0,184.9,1540.2,185.9,3668.8,12.2,4343.3,1354.9,210.6,179.9,17.7,1559.5,460.4,255.4,116.0,204.3,409.8,579.9,244.9,77.5,2133.2,1172.5,342.1,726.4,949.7,13815.6,10972.3,562.5
2007,658.5,764.5,2389.4,1301.5,391.0,278.4,9140.0,428.4,270.5,213.6,2188.3,319.3,313.0,84.3,192.0,1682.3,203.0,4056.9,13.1,4526.0,1472.9,229.3,191.1,19.1,1635.1,502.6,268.0,123.9,227.7,448.4,641.7,286.2,86.3,2377.5,1230.9,373.4,786.6,1049.0,14474.2,11680.4,608.7
2008,698.4,799.3,2559.5,1342.4,416.9,275.8,10216.9,451.0,290.1,227.8,2283.4,337.2,325.8,90.6,207.9,1817.8,205.0,4262.7,14.0,4564.6,1531.0,239.5,205.9,21.5,1730.7,537.1,300.5,127.3,253.3,476.9,700.5,344.7,96.5,2878.2,1332.9,386.4,815.6,1146.9,14769.9,12186.7,640.2
2009,661.1,877.1,2572.1,1307.0,417.2,271.3,11246.9,459.0,289.4,223.8,2197.2,332.8,319.8,87.6,207.4,1913.7,210.0,4626.2,13.4,4333.5,1515.7,223.9,214.9,22.6,1701.4,532.2,274.0,132.3,257.7,486.8,736.3,338.9,95.4,2768.6,1326.8,372.8,815.0,1120.3,14478.1,11934.0,634.3
2010,736.9,870.4,2799.3,1363.7,433.9,307.9,12589.2,485.4,294.9,238.8,2300.3,309.6,345.6,86.5,216.9,2057.5,224.3,5080.3,12.8,4566.7,1641.2,221.3,225.2,23.3,1807.7,578.7,290.6,136.2,282.5,528.8,798.6,351.4,97.1,2927.0,1410.6,393.4,886.9,1277.7,15049.0,12292.9,661.5
2011,797.3,941.7,2970.6,1430.8,462.1,349.1,14064.8,529.9,306.9,247.6,2365.2,285.3,369.7,90.7,229.3,2229.5,242.9,5456.9,13.2,4663.8,1695.1,247.6,242.5,24.1,1989.9,621.9,316.5,143.5,306.6,560.6,868.2,378.9,103.5,3259.3,1609.0,418.9,912.8,1463.5,15599.7,12852.7,696.5
2012,819.2,977.7,2992.1,1468.1,483.3,374.3,15465.2,552.8,309.7,250.3,2453.9,271.5,372.9,92.1,230.2,2408.3,256.6,5985.6,13.6,4846.6,1760.1,273.9,247.0,24.6,2103.3,671.5,338.0,145.7,317.9,610.5,903.2,397.3,104.5,3480.3,1701.9,430.3,1014.9,1559.1,16254.0,13000.4,698.5
2013,848.6,1066.7,3120.5,1554.1,507.6,392.7,16670.2,589.8,326.1,263.2,2573.3,282.1,384.2,95.0,242.8,2524.2,280.3,6311.0,14.5,5079.4,1807.6,269.4,258.3,26.3,2150.3,698.9,351.4,161.0,336.7,650.5,929.5,393.2,109.3,3741.8,1718.3,442.6,1062.8,1711.4,16880.7,13457.9,731.0
2014,838.4,1105.9,3166.8,1621.4,529.8,402.9,17754.1,621.9,344.6,270.2,2684.6,288.1,394.1,95.4,253.7,2605.5,285.5,6617.0,15.2,5125.7,1879.3,250.5,251.0,27.8,2254.4,746.1,350.3,168.5,346.9,694.1,967.8,410.8,109.1,3763.5,1771.5,454.2,1078.9,1867.2,17608.1,13847.8,742.7
2015,865.2,1106.6,2989.1,1594.9,550.1,405.5,18577.5,626.2,359.5,277.9,2783.9,287.9,408.6,98.6,263.9,2625.2,300.0,6997.5,16.4,5304.6,2030.1,173.6,273.7,28.8,2309.0,766.0,325.3,172.8,353.3,726.1,1025.2,428.5,110.3,3526.2,1608.0,477.8,1113.9,2025.6,18295.0,14276.2,760.0
2016,882.6,1147.8,2907.9,1678.1,572.7,424.8,19647.3,665.4,385.1,296.8,2911.3,296.4,416.4,106.0,275.0,2715.8,325.5,7571.5,18.2,5268.9,2134.4,167.6,279.0,31.4,2457.8,803.8,320.6,188.4,372.5,788.0,1076.8,471.0,116.1,3539.0,1545.8,497.9,1181.3,2119.2,18804.9,15181.8,774.1
2017,1035.7,1194.3,2980.3,1765.8,585.9,450.9,20974.6,693.1,416.8,318.6,3063.4,308.5,438.1,112.7,289.2,2857.3,342.9,8114.6,19.4,5376.9,2216.6,193.5,291.8,32.6,2528.3,854.7,352.7,203.2,394.4,840.5,1145.7,527.8,121.4,3807.1,1645.5,516.8,1250.5,2277.1,19612.1,15947.7,791.8
2018,1090.0,1257.4,3187.2,1853.0,614.5,478.1,22862.5,747.1,442.6,331.6,3157.6,319.8,453.9,118.8,313.1,3069.9,356.2,8965.5,20.5,5464.3,2347.7,222.1,283.7,34.9,2606.3,914.7,385.7,208.2,417.2,914.9,1228.3,572.2,129.0,4231.8,1793.0,538.9,1347.3,2331.5,20656.5,16670.5,782.3
2019,1057.6,1339.9,3333.8,1899.7,645.4,491.7,24777.6,807.6,486.8,352.3,3364.3,342.3,459.6,130.6,345.4,3266.2,372.8,9647.4,22.1,5539.4,2407.6,225.2,295.7,37.9,2636.5,967.6,393.8,225.1,440.1,988.8,1362.3,647.5,143.0,4579.6,1790.6,585.0,1427.8,2396.2,21540.0,17935.3,796.2
2020,1012.0,1389.8,3359.8,1847.8,642.5,491.2,25777.2,785.7,479.7,365.5,3251.6,316.0,435.3,123.7,344.1,3223.4,377.5,9490.2,20.8,5499.9,2482.0,182.4,286.1,37.1,2454.1,931.1,375.4,231.2,412.6,923.4,1391.4,658.8,145.0,4651.4,1499.3,594.2,1372.4,2435.6,21375.3,17422.3,767.4
2021,1191.7,1498.2,3787.8,2179.5,727.0,566.3,29438.2,889.8,502.1,406.0,3472.2,354.4,488.4,143.3,374.5,3530.6,432.5,11057.2,23.4,5781.3,2677.4,220.9,323.5,40.7,2652.9,1022.4,498.7,245.1,506.8,1001.8,1518.4,717.7,160.0,5688.3,1929.9,647.8,1451.5,2701.6,23725.6,19023.2,841.5
2022,1353.3,1719.9,4179.6,2501.3,830.6,604.6,32520.2,1078.9,565.1,463.7,4076.2,411.7,503.9,162.4,424.9,3982.4,512.4,12744.8,29.3,6161.9,2868.3,252.6,352.8,44.4,2975.5,1194.0,709.0,274.8,558.2,1154.4,1722.4,799.6,174.2,6005.4,2315.2,697.6,1595.8,3392.3,26054.6,21520.9,919.9
2023,1377.4,1926.8,4474.7,2601.7,835.0,652.2,35550.0,1113.5,609.1,460.4,4165.5,443.5,539.0,184.3,444.8,4338.3,544.7,14169.4,31.7,6565.3,2969.8,257.6,379.2,46.3,3267.9,1282.0,594.8,285.7,576.8,1263.2,1778.3,876.5,197.2,6480.9,2413.9,721.3,1692.1,3685.8,27811.5,22737.3,961.6
2024,1392.6,1961.2,4742.6,2702.0,877.8,712.9,38238.9,1186.7,628.4,483.8,4353.6,459.6,566.9,191.6,464.1,4669.8,572.9,15552.0,32.3,6714.0,3159.5,260.1,403.4,49.2,3378.9,1380.9,588.8,295.2,611.9,1368.6,1874.1,935.0,216.2,6968.6,2539.4,752.8,1785.2,3858.9,29298.0,23590.0,990.7
2025,1494.1,1986.4,4986.9,2780.1,932.1,750.2,41259.8,1209.6,658.5,500.1,4489.3,471.4,603.1,197.5,474.2,5045.8,604.5,17197.4,32.7,6837.2,3262.6,274.7,433.7,51.0,3413.3,1493.0,583.8,305.4,650.6,1468.8,1977.1,968.0,222.1,7235.6,2728.0,768.6,1880.0,3889.3,30769.7,24203.8,1029.9
