ISO3,year,finv_GDP
IND,1990,29.580942368270748
IND,1991,27.58751310787665
IND,1992,28.15173891571347
IND,1993,26.64638078753971
IND,1994,26.626162488426075
IND,1995,28.63584507122305
IND,1996,26.68967875822283
IND,1997,26.56973139861771
IND,1998,26.252488220551264
IND,1999,26.72670953330341
IND,2000,25.33666219188067
IND,2001,27.889277345599933
IND,2002,26.357377507977898
IND,2003,27.270259668651402
IND,2004,31.86313099968775
IND,2005,33.98809042086924
IND,2006,34.848141189434216
IND,2007,37.160885660168255
IND,2008,36.02468892730171
IND,2009,35.229488541379645
IND,2010,34.481464797932986
IND,2011,35.570597252472126
IND,2012,34.66200510222549
IND,2013,32.44242642299853
IND,2014,31.18232242388368
IND,2015,29.785876011710233
IND,2016,29.221213241766975
IND,2017,29.210200966986566
IND,2018,30.542540959043833
IND,2019,29.497068412770368
IND,2020,28.32543503558486
IND,2021,30.661720222237456
IND,2022,32.367050556568174
IND,2023,31.899601787341986
IND,2024,31.643441648228976
IND,2025,31.604457518605678
