month,geography,sector,age_group,gender,indicator,value_pct,source_url,table_id,release_date,fetched_at,frequency,activity_status,methodology,bulletin_url,raw_sha256
2025-04,All India,Urban,15+,Persons,UR,6.5,https://api.mospi.gov.in/api/plfs/getData,Statement 3: Unemployment Rate (in per cent) in CWS,2026-09-15,2026-10-09T06:14:20.763920+00:00,Monthly,CWS,Redesigned January 2025,https://www.mospi.gov.in/uploads/publications_reports/publications_reports1789465291404_ba9c7140-0b83-481b-a5fd-a7ac121c476f_Monthly_Bulletin_Aug_2026.pdf,eab346f0e254bdc9a6cf88535097d6605bbeb540bd671c13e5769e3d499fbd7b
2025-04,All India,Urban,15–29,Persons,UR,17.2,https://api.mospi.gov.in/api/plfs/getData,Statement 3: Unemployment Rate (in per cent) in CWS,2026-09-15,2026-10-09T06:14:20.763920+00:00,Monthly,CWS,Redesigned January 2025,https://www.mospi.gov.in/uploads/publications_reports/publications_reports1789465291404_ba9c7140-0b83-481b-a5fd-a7ac121c476f_Monthly_Bulletin_Aug_2026.pdf,eab346f0e254bdc9a6cf88535097d6605bbeb540bd671c13e5769e3d499fbd7b
2025-05,All India,Urban,15+,Persons,UR,6.9,https://api.mospi.gov.in/api/plfs/getData,Statement 3: Unemployment Rate (in per cent) in CWS,2026-09-15,2026-10-09T06:14:20.763920+00:00,Monthly,CWS,Redesigned January 2025,https://www.mospi.gov.in/uploads/publications_reports/publications_reports1789465291404_ba9c7140-0b83-481b-a5fd-a7ac121c476f_Monthly_Bulletin_Aug_2026.pdf,eab346f0e254bdc9a6cf88535097d6605bbeb540bd671c13e5769e3d499fbd7b
2025-05,All India,Urban,15–29,Persons,UR,17.9,https://api.mospi.gov.in/api/plfs/getData,Statement 3: Unemployment Rate (in per cent) in CWS,2026-09-15,2026-10-09T06:14:20.763920+00:00,Monthly,CWS,Redesigned January 2025,https://www.mospi.gov.in/uploads/publications_reports/publications_reports1789465291404_ba9c7140-0b83-481b-a5fd-a7ac121c476f_Monthly_Bulletin_Aug_2026.pdf,eab346f0e254bdc9a6cf88535097d6605bbeb540bd671c13e5769e3d499fbd7b
2025-06,All India,Urban,15+,Persons,UR,7.1,https://api.mospi.gov.in/api/plfs/getData,Statement 3: Unemployment Rate (in per cent) in CWS,2026-09-15,2026-10-09T06:14:20.763920+00:00,Monthly,CWS,Redesigned January 2025,https://www.mospi.gov.in/uploads/publications_reports/publications_reports1789465291404_ba9c7140-0b83-481b-a5fd-a7ac121c476f_Monthly_Bulletin_Aug_2026.pdf,eab346f0e254bdc9a6cf88535097d6605bbeb540bd671c13e5769e3d499fbd7b
2025-06,All India,Urban,15–29,Persons,UR,18.8,https://api.mospi.gov.in/api/plfs/getData,Statement 3: Unemployment Rate (in per cent) in CWS,2026-09-15,2026-10-09T06:14:20.763920+00:00,Monthly,CWS,Redesigned January 2025,https://www.mospi.gov.in/uploads/publications_reports/publications_reports1789465291404_ba9c7140-0b83-481b-a5fd-a7ac121c476f_Monthly_Bulletin_Aug_2026.pdf,eab346f0e254bdc9a6cf88535097d6605bbeb540bd671c13e5769e3d499fbd7b
2025-07,All India,Urban,15+,Persons,UR,7.2,https://api.mospi.gov.in/api/plfs/getData,Statement 3: Unemployment Rate (in per cent) in CWS,2026-09-15,2026-10-09T06:14:20.763920+00:00,Monthly,CWS,Redesigned January 2025,https://www.mospi.gov.in/uploads/publications_reports/publications_reports1789465291404_ba9c7140-0b83-481b-a5fd-a7ac121c476f_Monthly_Bulletin_Aug_2026.pdf,eab346f0e254bdc9a6cf88535097d6605bbeb540bd671c13e5769e3d499fbd7b
2025-07,All India,Urban,15–29,Persons,UR,19.0,https://api.mospi.gov.in/api/plfs/getData,Statement 3: Unemployment Rate (in per cent) in CWS,2026-09-15,2026-10-09T06:14:20.763920+00:00,Monthly,CWS,Redesigned January 2025,https://www.mospi.gov.in/uploads/publications_reports/publications_reports1789465291404_ba9c7140-0b83-481b-a5fd-a7ac121c476f_Monthly_Bulletin_Aug_2026.pdf,eab346f0e254bdc9a6cf88535097d6605bbeb540bd671c13e5769e3d499fbd7b
2025-08,All India,Urban,15+,Persons,UR,6.7,https://api.mospi.gov.in/api/plfs/getData,Statement 3: Unemployment Rate (in per cent) in CWS,2026-09-15,2026-10-09T06:14:20.763920+00:00,Monthly,CWS,Redesigned January 2025,https://www.mospi.gov.in/uploads/publications_reports/publications_reports1789465291404_ba9c7140-0b83-481b-a5fd-a7ac121c476f_Monthly_Bulletin_Aug_2026.pdf,eab346f0e254bdc9a6cf88535097d6605bbeb540bd671c13e5769e3d499fbd7b
2025-08,All India,Urban,15–29,Persons,UR,18.0,https://api.mospi.gov.in/api/plfs/getData,Statement 3: Unemployment Rate (in per cent) in CWS,2026-09-15,2026-10-09T06:14:20.763920+00:00,Monthly,CWS,Redesigned January 2025,https://www.mospi.gov.in/uploads/publications_reports/publications_reports1789465291404_ba9c7140-0b83-481b-a5fd-a7ac121c476f_Monthly_Bulletin_Aug_2026.pdf,eab346f0e254bdc9a6cf88535097d6605bbeb540bd671c13e5769e3d499fbd7b
2025-09,All India,Urban,15+,Persons,UR,6.8,https://api.mospi.gov.in/api/plfs/getData,Statement 3: Unemployment Rate (in per cent) in CWS,2026-09-15,2026-10-09T06:14:20.763920+00:00,Monthly,CWS,Redesigned January 2025,https://www.mospi.gov.in/uploads/publications_reports/publications_reports1789465291404_ba9c7140-0b83-481b-a5fd-a7ac121c476f_Monthly_Bulletin_Aug_2026.pdf,eab346f0e254bdc9a6cf88535097d6605bbeb540bd671c13e5769e3d499fbd7b
2025-09,All India,Urban,15–29,Persons,UR,18.5,https://api.mospi.gov.in/api/plfs/getData,Statement 3: Unemployment Rate (in per cent) in CWS,2026-09-15,2026-10-09T06:14:20.763920+00:00,Monthly,CWS,Redesigned January 2025,https://www.mospi.gov.in/uploads/publications_reports/publications_reports1789465291404_ba9c7140-0b83-481b-a5fd-a7ac121c476f_Monthly_Bulletin_Aug_2026.pdf,eab346f0e254bdc9a6cf88535097d6605bbeb540bd671c13e5769e3d499fbd7b
2025-10,All India,Urban,15+,Persons,UR,7.0,https://api.mospi.gov.in/api/plfs/getData,Statement 3: Unemployment Rate (in per cent) in CWS,2026-09-15,2026-10-09T06:14:20.763920+00:00,Monthly,CWS,Redesigned January 2025,https://www.mospi.gov.in/uploads/publications_reports/publications_reports1789465291404_ba9c7140-0b83-481b-a5fd-a7ac121c476f_Monthly_Bulletin_Aug_2026.pdf,eab346f0e254bdc9a6cf88535097d6605bbeb540bd671c13e5769e3d499fbd7b
2025-10,All India,Urban,15–29,Persons,UR,18.4,https://api.mospi.gov.in/api/plfs/getData,Statement 3: Unemployment Rate (in per cent) in CWS,2026-09-15,2026-10-09T06:14:20.763920+00:00,Monthly,CWS,Redesigned January 2025,https://www.mospi.gov.in/uploads/publications_reports/publications_reports1789465291404_ba9c7140-0b83-481b-a5fd-a7ac121c476f_Monthly_Bulletin_Aug_2026.pdf,eab346f0e254bdc9a6cf88535097d6605bbeb540bd671c13e5769e3d499fbd7b
2025-11,All India,Urban,15+,Persons,UR,6.5,https://api.mospi.gov.in/api/plfs/getData,Statement 3: Unemployment Rate (in per cent) in CWS,2026-09-15,2026-10-09T06:14:20.763920+00:00,Monthly,CWS,Redesigned January 2025,https://www.mospi.gov.in/uploads/publications_reports/publications_reports1789465291404_ba9c7140-0b83-481b-a5fd-a7ac121c476f_Monthly_Bulletin_Aug_2026.pdf,eab346f0e254bdc9a6cf88535097d6605bbeb540bd671c13e5769e3d499fbd7b
2025-11,All India,Urban,15–29,Persons,UR,17.8,https://api.mospi.gov.in/api/plfs/getData,Statement 3: Unemployment Rate (in per cent) in CWS,2026-09-15,2026-10-09T06:14:20.763920+00:00,Monthly,CWS,Redesigned January 2025,https://www.mospi.gov.in/uploads/publications_reports/publications_reports1789465291404_ba9c7140-0b83-481b-a5fd-a7ac121c476f_Monthly_Bulletin_Aug_2026.pdf,eab346f0e254bdc9a6cf88535097d6605bbeb540bd671c13e5769e3d499fbd7b
2025-12,All India,Urban,15+,Persons,UR,6.7,https://api.mospi.gov.in/api/plfs/getData,Statement 3: Unemployment Rate (in per cent) in CWS,2026-09-15,2026-10-09T06:14:20.763920+00:00,Monthly,CWS,Redesigned January 2025,https://www.mospi.gov.in/uploads/publications_reports/publications_reports1789465291404_ba9c7140-0b83-481b-a5fd-a7ac121c476f_Monthly_Bulletin_Aug_2026.pdf,eab346f0e254bdc9a6cf88535097d6605bbeb540bd671c13e5769e3d499fbd7b
2025-12,All India,Urban,15–29,Persons,UR,18.1,https://api.mospi.gov.in/api/plfs/getData,Statement 3: Unemployment Rate (in per cent) in CWS,2026-09-15,2026-10-09T06:14:20.763920+00:00,Monthly,CWS,Redesigned January 2025,https://www.mospi.gov.in/uploads/publications_reports/publications_reports1789465291404_ba9c7140-0b83-481b-a5fd-a7ac121c476f_Monthly_Bulletin_Aug_2026.pdf,eab346f0e254bdc9a6cf88535097d6605bbeb540bd671c13e5769e3d499fbd7b
2026-01,All India,Urban,15+,Persons,UR,7.0,https://api.mospi.gov.in/api/plfs/getData,Statement 3: Unemployment Rate (in per cent) in CWS,2026-09-15,2026-10-09T06:14:20.763920+00:00,Monthly,CWS,Redesigned January 2025,https://www.mospi.gov.in/uploads/publications_reports/publications_reports1789465291404_ba9c7140-0b83-481b-a5fd-a7ac121c476f_Monthly_Bulletin_Aug_2026.pdf,eab346f0e254bdc9a6cf88535097d6605bbeb540bd671c13e5769e3d499fbd7b
2026-01,All India,Urban,15–29,Persons,UR,18.6,https://api.mospi.gov.in/api/plfs/getData,Statement 3: Unemployment Rate (in per cent) in CWS,2026-09-15,2026-10-09T06:14:20.763920+00:00,Monthly,CWS,Redesigned January 2025,https://www.mospi.gov.in/uploads/publications_reports/publications_reports1789465291404_ba9c7140-0b83-481b-a5fd-a7ac121c476f_Monthly_Bulletin_Aug_2026.pdf,eab346f0e254bdc9a6cf88535097d6605bbeb540bd671c13e5769e3d499fbd7b
2026-02,All India,Urban,15+,Persons,UR,6.6,https://api.mospi.gov.in/api/plfs/getData,Statement 3: Unemployment Rate (in per cent) in CWS,2026-09-15,2026-10-09T06:14:20.763920+00:00,Monthly,CWS,Redesigned January 2025,https://www.mospi.gov.in/uploads/publications_reports/publications_reports1789465291404_ba9c7140-0b83-481b-a5fd-a7ac121c476f_Monthly_Bulletin_Aug_2026.pdf,eab346f0e254bdc9a6cf88535097d6605bbeb540bd671c13e5769e3d499fbd7b
2026-02,All India,Urban,15–29,Persons,UR,18.3,https://api.mospi.gov.in/api/plfs/getData,Statement 3: Unemployment Rate (in per cent) in CWS,2026-09-15,2026-10-09T06:14:20.763920+00:00,Monthly,CWS,Redesigned January 2025,https://www.mospi.gov.in/uploads/publications_reports/publications_reports1789465291404_ba9c7140-0b83-481b-a5fd-a7ac121c476f_Monthly_Bulletin_Aug_2026.pdf,eab346f0e254bdc9a6cf88535097d6605bbeb540bd671c13e5769e3d499fbd7b
2026-03,All India,Urban,15+,Persons,UR,6.8,https://api.mospi.gov.in/api/plfs/getData,Statement 3: Unemployment Rate (in per cent) in CWS,2026-09-15,2026-10-09T06:14:20.763920+00:00,Monthly,CWS,Redesigned January 2025,https://www.mospi.gov.in/uploads/publications_reports/publications_reports1789465291404_ba9c7140-0b83-481b-a5fd-a7ac121c476f_Monthly_Bulletin_Aug_2026.pdf,eab346f0e254bdc9a6cf88535097d6605bbeb540bd671c13e5769e3d499fbd7b
2026-03,All India,Urban,15–29,Persons,UR,18.4,https://api.mospi.gov.in/api/plfs/getData,Statement 3: Unemployment Rate (in per cent) in CWS,2026-09-15,2026-10-09T06:14:20.763920+00:00,Monthly,CWS,Redesigned January 2025,https://www.mospi.gov.in/uploads/publications_reports/publications_reports1789465291404_ba9c7140-0b83-481b-a5fd-a7ac121c476f_Monthly_Bulletin_Aug_2026.pdf,eab346f0e254bdc9a6cf88535097d6605bbeb540bd671c13e5769e3d499fbd7b
2026-04,All India,Urban,15+,Persons,UR,6.6,https://api.mospi.gov.in/api/plfs/getData,Statement 3: Unemployment Rate (in per cent) in CWS,2026-09-15,2026-10-09T06:14:20.763920+00:00,Monthly,CWS,Redesigned January 2025,https://www.mospi.gov.in/uploads/publications_reports/publications_reports1789465291404_ba9c7140-0b83-481b-a5fd-a7ac121c476f_Monthly_Bulletin_Aug_2026.pdf,eab346f0e254bdc9a6cf88535097d6605bbeb540bd671c13e5769e3d499fbd7b
2026-04,All India,Urban,15–29,Persons,UR,18.0,https://api.mospi.gov.in/api/plfs/getData,Statement 3: Unemployment Rate (in per cent) in CWS,2026-09-15,2026-10-09T06:14:20.763920+00:00,Monthly,CWS,Redesigned January 2025,https://www.mospi.gov.in/uploads/publications_reports/publications_reports1789465291404_ba9c7140-0b83-481b-a5fd-a7ac121c476f_Monthly_Bulletin_Aug_2026.pdf,eab346f0e254bdc9a6cf88535097d6605bbeb540bd671c13e5769e3d499fbd7b
2026-05,All India,Urban,15+,Persons,UR,6.4,https://api.mospi.gov.in/api/plfs/getData,Statement 3: Unemployment Rate (in per cent) in CWS,2026-09-15,2026-10-09T06:14:20.763920+00:00,Monthly,CWS,Redesigned January 2025,https://www.mospi.gov.in/uploads/publications_reports/publications_reports1789465291404_ba9c7140-0b83-481b-a5fd-a7ac121c476f_Monthly_Bulletin_Aug_2026.pdf,eab346f0e254bdc9a6cf88535097d6605bbeb540bd671c13e5769e3d499fbd7b
2026-05,All India,Urban,15–29,Persons,UR,17.5,https://api.mospi.gov.in/api/plfs/getData,Statement 3: Unemployment Rate (in per cent) in CWS,2026-09-15,2026-10-09T06:14:20.763920+00:00,Monthly,CWS,Redesigned January 2025,https://www.mospi.gov.in/uploads/publications_reports/publications_reports1789465291404_ba9c7140-0b83-481b-a5fd-a7ac121c476f_Monthly_Bulletin_Aug_2026.pdf,eab346f0e254bdc9a6cf88535097d6605bbeb540bd671c13e5769e3d499fbd7b
2026-06,All India,Urban,15+,Persons,UR,6.6,https://api.mospi.gov.in/api/plfs/getData,Statement 3: Unemployment Rate (in per cent) in CWS,2026-09-15,2026-10-09T06:14:20.763920+00:00,Monthly,CWS,Redesigned January 2025,https://www.mospi.gov.in/uploads/publications_reports/publications_reports1789465291404_ba9c7140-0b83-481b-a5fd-a7ac121c476f_Monthly_Bulletin_Aug_2026.pdf,eab346f0e254bdc9a6cf88535097d6605bbeb540bd671c13e5769e3d499fbd7b
2026-06,All India,Urban,15–29,Persons,UR,18.2,https://api.mospi.gov.in/api/plfs/getData,Statement 3: Unemployment Rate (in per cent) in CWS,2026-09-15,2026-10-09T06:14:20.763920+00:00,Monthly,CWS,Redesigned January 2025,https://www.mospi.gov.in/uploads/publications_reports/publications_reports1789465291404_ba9c7140-0b83-481b-a5fd-a7ac121c476f_Monthly_Bulletin_Aug_2026.pdf,eab346f0e254bdc9a6cf88535097d6605bbeb540bd671c13e5769e3d499fbd7b
2026-07,All India,Urban,15+,Persons,UR,6.7,https://api.mospi.gov.in/api/plfs/getData,Statement 3: Unemployment Rate (in per cent) in CWS,2026-09-15,2026-10-09T06:14:20.763920+00:00,Monthly,CWS,Redesigned January 2025,https://www.mospi.gov.in/uploads/publications_reports/publications_reports1789465291404_ba9c7140-0b83-481b-a5fd-a7ac121c476f_Monthly_Bulletin_Aug_2026.pdf,eab346f0e254bdc9a6cf88535097d6605bbeb540bd671c13e5769e3d499fbd7b
2026-07,All India,Urban,15–29,Persons,UR,18.6,https://api.mospi.gov.in/api/plfs/getData,Statement 3: Unemployment Rate (in per cent) in CWS,2026-09-15,2026-10-09T06:14:20.763920+00:00,Monthly,CWS,Redesigned January 2025,https://www.mospi.gov.in/uploads/publications_reports/publications_reports1789465291404_ba9c7140-0b83-481b-a5fd-a7ac121c476f_Monthly_Bulletin_Aug_2026.pdf,eab346f0e254bdc9a6cf88535097d6605bbeb540bd671c13e5769e3d499fbd7b
2026-08,All India,Urban,15+,Persons,UR,6.8,https://api.mospi.gov.in/api/plfs/getData,Statement 3: Unemployment Rate (in per cent) in CWS,2026-09-15,2026-10-09T06:14:20.763920+00:00,Monthly,CWS,Redesigned January 2025,https://www.mospi.gov.in/uploads/publications_reports/publications_reports1789465291404_ba9c7140-0b83-481b-a5fd-a7ac121c476f_Monthly_Bulletin_Aug_2026.pdf,eab346f0e254bdc9a6cf88535097d6605bbeb540bd671c13e5769e3d499fbd7b
2026-08,All India,Urban,15–29,Persons,UR,18.7,https://api.mospi.gov.in/api/plfs/getData,Statement 3: Unemployment Rate (in per cent) in CWS,2026-09-15,2026-10-09T06:14:20.763920+00:00,Monthly,CWS,Redesigned January 2025,https://www.mospi.gov.in/uploads/publications_reports/publications_reports1789465291404_ba9c7140-0b83-481b-a5fd-a7ac121c476f_Monthly_Bulletin_Aug_2026.pdf,eab346f0e254bdc9a6cf88535097d6605bbeb540bd671c13e5769e3d499fbd7b
