date,reer,unit,base,methodology,provisional,release_date,source_url,fetched_at
2021-01-01,102.98,index,2015-16=100,40-currency; trade-weighted; CPI combined; RBI January 2021 methodology,false,2026-07-31,https://www.rbi.org.in/Scripts/PublicationsView.aspx?id=24032,2026-10-08T17:54:00.683750+00:00
2021-02-01,103.48,index,2015-16=100,40-currency; trade-weighted; CPI combined; RBI January 2021 methodology,false,2026-07-31,https://www.rbi.org.in/Scripts/PublicationsView.aspx?id=24032,2026-10-08T17:54:00.683829+00:00
2021-03-01,103.95,index,2015-16=100,40-currency; trade-weighted; CPI combined; RBI January 2021 methodology,false,2026-07-31,https://www.rbi.org.in/Scripts/PublicationsView.aspx?id=24032,2026-10-08T17:54:00.683888+00:00
2021-04-01,102.21,index,2015-16=100,40-currency; trade-weighted; CPI combined; RBI January 2021 methodology,false,2026-07-31,https://www.rbi.org.in/Scripts/PublicationsView.aspx?id=24032,2026-10-08T17:54:00.683946+00:00
2021-05-01,104.77,index,2015-16=100,40-currency; trade-weighted; CPI combined; RBI January 2021 methodology,false,2026-07-31,https://www.rbi.org.in/Scripts/PublicationsView.aspx?id=24032,2026-10-08T17:54:00.684003+00:00
2021-06-01,104.79,index,2015-16=100,40-currency; trade-weighted; CPI combined; RBI January 2021 methodology,false,2026-07-31,https://www.rbi.org.in/Scripts/PublicationsView.aspx?id=24032,2026-10-08T17:54:00.684061+00:00
2021-07-01,104.88,index,2015-16=100,40-currency; trade-weighted; CPI combined; RBI January 2021 methodology,false,2026-07-31,https://www.rbi.org.in/Scripts/PublicationsView.aspx?id=24032,2026-10-08T17:54:00.684117+00:00
2021-08-01,105.23,index,2015-16=100,40-currency; trade-weighted; CPI combined; RBI January 2021 methodology,false,2026-07-31,https://www.rbi.org.in/Scripts/PublicationsView.aspx?id=24032,2026-10-08T17:54:00.684173+00:00
2021-09-01,106.04,index,2015-16=100,40-currency; trade-weighted; CPI combined; RBI January 2021 methodology,false,2026-07-31,https://www.rbi.org.in/Scripts/PublicationsView.aspx?id=24032,2026-10-08T17:54:00.684229+00:00
2021-10-01,105.7,index,2015-16=100,40-currency; trade-weighted; CPI combined; RBI January 2021 methodology,false,2026-07-31,https://www.rbi.org.in/Scripts/PublicationsView.aspx?id=24032,2026-10-08T17:54:00.684286+00:00
2021-11-01,106.47,index,2015-16=100,40-currency; trade-weighted; CPI combined; RBI January 2021 methodology,false,2026-07-31,https://www.rbi.org.in/Scripts/PublicationsView.aspx?id=24032,2026-10-08T17:54:00.684341+00:00
2021-12-01,105.06,index,2015-16=100,40-currency; trade-weighted; CPI combined; RBI January 2021 methodology,false,2026-07-31,https://www.rbi.org.in/Scripts/PublicationsView.aspx?id=24032,2026-10-08T17:54:00.684398+00:00
2022-01-01,105.36,index,2015-16=100,40-currency; trade-weighted; CPI combined; RBI January 2021 methodology,false,2026-07-31,https://www.rbi.org.in/Scripts/PublicationsView.aspx?id=24032,2026-10-08T17:54:00.684460+00:00
2022-02-01,104.1,index,2015-16=100,40-currency; trade-weighted; CPI combined; RBI January 2021 methodology,false,2026-07-31,https://www.rbi.org.in/Scripts/PublicationsView.aspx?id=24032,2026-10-08T17:54:00.684520+00:00
2022-03-01,103.34,index,2015-16=100,40-currency; trade-weighted; CPI combined; RBI January 2021 methodology,false,2026-07-31,https://www.rbi.org.in/Scripts/PublicationsView.aspx?id=24032,2026-10-08T17:54:00.684575+00:00
2022-04-01,105.03,index,2015-16=100,40-currency; trade-weighted; CPI combined; RBI January 2021 methodology,false,2026-07-31,https://www.rbi.org.in/Scripts/PublicationsView.aspx?id=24032,2026-10-08T17:54:00.684630+00:00
2022-05-01,105.35,index,2015-16=100,40-currency; trade-weighted; CPI combined; RBI January 2021 methodology,false,2026-07-31,https://www.rbi.org.in/Scripts/PublicationsView.aspx?id=24032,2026-10-08T17:54:00.684685+00:00
2022-06-01,104.24,index,2015-16=100,40-currency; trade-weighted; CPI combined; RBI January 2021 methodology,false,2026-07-31,https://www.rbi.org.in/Scripts/PublicationsView.aspx?id=24032,2026-10-08T17:54:00.684740+00:00
2022-07-01,103.72,index,2015-16=100,40-currency; trade-weighted; CPI combined; RBI January 2021 methodology,false,2026-07-31,https://www.rbi.org.in/Scripts/PublicationsView.aspx?id=24032,2026-10-08T17:54:00.684795+00:00
2022-08-01,104.01,index,2015-16=100,40-currency; trade-weighted; CPI combined; RBI January 2021 methodology,false,2026-07-31,https://www.rbi.org.in/Scripts/PublicationsView.aspx?id=24032,2026-10-08T17:54:00.684849+00:00
2022-09-01,104.92,index,2015-16=100,40-currency; trade-weighted; CPI combined; RBI January 2021 methodology,false,2026-07-31,https://www.rbi.org.in/Scripts/PublicationsView.aspx?id=24032,2026-10-08T17:54:00.684904+00:00
2022-10-01,104.16,index,2015-16=100,40-currency; trade-weighted; CPI combined; RBI January 2021 methodology,false,2026-07-31,https://www.rbi.org.in/Scripts/PublicationsView.aspx?id=24032,2026-10-08T17:54:00.684958+00:00
2022-11-01,103.53,index,2015-16=100,40-currency; trade-weighted; CPI combined; RBI January 2021 methodology,false,2026-07-31,https://www.rbi.org.in/Scripts/PublicationsView.aspx?id=24032,2026-10-08T17:54:00.685012+00:00
2022-12-01,100.39,index,2015-16=100,40-currency; trade-weighted; CPI combined; RBI January 2021 methodology,false,2026-07-31,https://www.rbi.org.in/Scripts/PublicationsView.aspx?id=24032,2026-10-08T17:54:00.685067+00:00
2023-01-01,100.24,index,2015-16=100,40-currency; trade-weighted; CPI combined; RBI January 2021 methodology,false,2026-07-31,https://www.rbi.org.in/Scripts/PublicationsView.aspx?id=24032,2026-10-08T17:54:00.685124+00:00
2023-02-01,99.39,index,2015-16=100,40-currency; trade-weighted; CPI combined; RBI January 2021 methodology,false,2026-07-31,https://www.rbi.org.in/Scripts/PublicationsView.aspx?id=24032,2026-10-08T17:54:00.685178+00:00
2023-03-01,100.11,index,2015-16=100,40-currency; trade-weighted; CPI combined; RBI January 2021 methodology,false,2026-07-31,https://www.rbi.org.in/Scripts/PublicationsView.aspx?id=24032,2026-10-08T17:54:00.685232+00:00
2023-04-01,100.27,index,2015-16=100,40-currency; trade-weighted; CPI combined; RBI January 2021 methodology,false,2026-07-31,https://www.rbi.org.in/Scripts/PublicationsView.aspx?id=24032,2026-10-08T17:54:00.685286+00:00
2023-05-01,100.8,index,2015-16=100,40-currency; trade-weighted; CPI combined; RBI January 2021 methodology,false,2026-07-31,https://www.rbi.org.in/Scripts/PublicationsView.aspx?id=24032,2026-10-08T17:54:00.685341+00:00
2023-06-01,102.92,index,2015-16=100,40-currency; trade-weighted; CPI combined; RBI January 2021 methodology,false,2026-07-31,https://www.rbi.org.in/Scripts/PublicationsView.aspx?id=24032,2026-10-08T17:54:00.685395+00:00
2023-07-01,106.17,index,2015-16=100,40-currency; trade-weighted; CPI combined; RBI January 2021 methodology,false,2026-07-31,https://www.rbi.org.in/Scripts/PublicationsView.aspx?id=24032,2026-10-08T17:54:00.685438+00:00
2023-08-01,105.44,index,2015-16=100,40-currency; trade-weighted; CPI combined; RBI January 2021 methodology,false,2026-07-31,https://www.rbi.org.in/Scripts/PublicationsView.aspx?id=24032,2026-10-08T17:54:00.685481+00:00
2023-09-01,104.16,index,2015-16=100,40-currency; trade-weighted; CPI combined; RBI January 2021 methodology,false,2026-07-31,https://www.rbi.org.in/Scripts/PublicationsView.aspx?id=24032,2026-10-08T17:54:00.685524+00:00
2023-10-01,105.15,index,2015-16=100,40-currency; trade-weighted; CPI combined; RBI January 2021 methodology,false,2026-07-31,https://www.rbi.org.in/Scripts/PublicationsView.aspx?id=24032,2026-10-08T17:54:00.685571+00:00
2023-11-01,104.75,index,2015-16=100,40-currency; trade-weighted; CPI combined; RBI January 2021 methodology,false,2026-07-31,https://www.rbi.org.in/Scripts/PublicationsView.aspx?id=24032,2026-10-08T17:54:00.685616+00:00
2023-12-01,103.61,index,2015-16=100,40-currency; trade-weighted; CPI combined; RBI January 2021 methodology,false,2026-07-31,https://www.rbi.org.in/Scripts/PublicationsView.aspx?id=24032,2026-10-08T17:54:00.685659+00:00
2024-01-01,103.69,index,2015-16=100,40-currency; trade-weighted; CPI combined; RBI January 2021 methodology,false,2026-07-31,https://www.rbi.org.in/Scripts/PublicationsView.aspx?id=24032,2026-10-08T17:54:00.683797+00:00
2024-02-01,104.75,index,2015-16=100,40-currency; trade-weighted; CPI combined; RBI January 2021 methodology,false,2026-07-31,https://www.rbi.org.in/Scripts/PublicationsView.aspx?id=24032,2026-10-08T17:54:00.683859+00:00
2024-03-01,104.58,index,2015-16=100,40-currency; trade-weighted; CPI combined; RBI January 2021 methodology,false,2026-07-31,https://www.rbi.org.in/Scripts/PublicationsView.aspx?id=24032,2026-10-08T17:54:00.683917+00:00
2024-04-01,104.53,index,2015-16=100,40-currency; trade-weighted; CPI combined; RBI January 2021 methodology,false,2026-07-31,https://www.rbi.org.in/Scripts/PublicationsView.aspx?id=24032,2026-10-08T17:54:00.683974+00:00
2024-05-01,104.85,index,2015-16=100,40-currency; trade-weighted; CPI combined; RBI January 2021 methodology,false,2026-07-31,https://www.rbi.org.in/Scripts/PublicationsView.aspx?id=24032,2026-10-08T17:54:00.684033+00:00
2024-06-01,106.3,index,2015-16=100,40-currency; trade-weighted; CPI combined; RBI January 2021 methodology,false,2026-07-31,https://www.rbi.org.in/Scripts/PublicationsView.aspx?id=24032,2026-10-08T17:54:00.684089+00:00
2024-07-01,107.47,index,2015-16=100,40-currency; trade-weighted; CPI combined; RBI January 2021 methodology,false,2026-07-31,https://www.rbi.org.in/Scripts/PublicationsView.aspx?id=24032,2026-10-08T17:54:00.684145+00:00
2024-08-01,105.53,index,2015-16=100,40-currency; trade-weighted; CPI combined; RBI January 2021 methodology,false,2026-07-31,https://www.rbi.org.in/Scripts/PublicationsView.aspx?id=24032,2026-10-08T17:54:00.684201+00:00
2024-09-01,105.4,index,2015-16=100,40-currency; trade-weighted; CPI combined; RBI January 2021 methodology,false,2026-07-31,https://www.rbi.org.in/Scripts/PublicationsView.aspx?id=24032,2026-10-08T17:54:00.684258+00:00
2024-10-01,107.32,index,2015-16=100,40-currency; trade-weighted; CPI combined; RBI January 2021 methodology,false,2026-07-31,https://www.rbi.org.in/Scripts/PublicationsView.aspx?id=24032,2026-10-08T17:54:00.684314+00:00
2024-11-01,108.03,index,2015-16=100,40-currency; trade-weighted; CPI combined; RBI January 2021 methodology,false,2026-07-31,https://www.rbi.org.in/Scripts/PublicationsView.aspx?id=24032,2026-10-08T17:54:00.684369+00:00
2024-12-01,106.92,index,2015-16=100,40-currency; trade-weighted; CPI combined; RBI January 2021 methodology,false,2026-07-31,https://www.rbi.org.in/Scripts/PublicationsView.aspx?id=24032,2026-10-08T17:54:00.684430+00:00
2025-01-01,104.49,index,2015-16=100,40-currency; trade-weighted; CPI combined; RBI January 2021 methodology,true,2026-07-31,https://www.rbi.org.in/Scripts/PublicationsView.aspx?id=24032,2026-10-08T17:54:00.684488+00:00
2025-02-01,102.34,index,2015-16=100,40-currency; trade-weighted; CPI combined; RBI January 2021 methodology,true,2026-07-31,https://www.rbi.org.in/Scripts/PublicationsView.aspx?id=24032,2026-10-08T17:54:00.684547+00:00
2025-03-01,101.72,index,2015-16=100,40-currency; trade-weighted; CPI combined; RBI January 2021 methodology,true,2026-07-31,https://www.rbi.org.in/Scripts/PublicationsView.aspx?id=24032,2026-10-08T17:54:00.684602+00:00
2025-04-01,101.56,index,2015-16=100,40-currency; trade-weighted; CPI combined; RBI January 2021 methodology,true,2026-07-31,https://www.rbi.org.in/Scripts/PublicationsView.aspx?id=24032,2026-10-08T17:54:00.684657+00:00
2025-05-01,101.03,index,2015-16=100,40-currency; trade-weighted; CPI combined; RBI January 2021 methodology,true,2026-07-31,https://www.rbi.org.in/Scripts/PublicationsView.aspx?id=24032,2026-10-08T17:54:00.684712+00:00
2025-06-01,99.93,index,2015-16=100,40-currency; trade-weighted; CPI combined; RBI January 2021 methodology,true,2026-07-31,https://www.rbi.org.in/Scripts/PublicationsView.aspx?id=24032,2026-10-08T17:54:00.684767+00:00
2025-07-01,100.08,index,2015-16=100,40-currency; trade-weighted; CPI combined; RBI January 2021 methodology,true,2026-08-25,https://www.rbi.org.in/Scripts/BS_ViewBulletin.aspx?Id=24418,2026-10-08T17:54:03.861525+00:00
2025-08-01,98.75,index,2015-16=100,40-currency; trade-weighted; CPI combined; RBI January 2021 methodology,true,2026-09-25,https://www.rbi.org.in/Scripts/BS_ViewBulletin.aspx?Id=24489,2026-10-08T17:53:59.405975+00:00
2025-09-01,97.31,index,2015-16=100,40-currency; trade-weighted; CPI combined; RBI January 2021 methodology,true,2026-07-31,https://www.rbi.org.in/Scripts/PublicationsView.aspx?id=24032,2026-10-08T17:54:00.684931+00:00
2025-10-01,97.14,index,2015-16=100,40-currency; trade-weighted; CPI combined; RBI January 2021 methodology,true,2026-07-31,https://www.rbi.org.in/Scripts/PublicationsView.aspx?id=24032,2026-10-08T17:54:00.684985+00:00
2025-11-01,97.2,index,2015-16=100,40-currency; trade-weighted; CPI combined; RBI January 2021 methodology,true,2026-07-31,https://www.rbi.org.in/Scripts/PublicationsView.aspx?id=24032,2026-10-08T17:54:00.685039+00:00
2025-12-01,95.11,index,2015-16=100,40-currency; trade-weighted; CPI combined; RBI January 2021 methodology,true,2026-07-31,https://www.rbi.org.in/Scripts/PublicationsView.aspx?id=24032,2026-10-08T17:54:00.685095+00:00
2026-01-01,94.78,index,2015-16=100,40-currency; trade-weighted; CPI combined; RBI January 2021 methodology,true,2026-07-31,https://www.rbi.org.in/Scripts/PublicationsView.aspx?id=24032,2026-10-08T17:54:00.685151+00:00
2026-02-01,93.99,index,2015-16=100,40-currency; trade-weighted; CPI combined; RBI January 2021 methodology,true,2026-07-31,https://www.rbi.org.in/Scripts/PublicationsView.aspx?id=24032,2026-10-08T17:54:00.685205+00:00
2026-03-01,92.57,index,2015-16=100,40-currency; trade-weighted; CPI combined; RBI January 2021 methodology,true,2026-07-31,https://www.rbi.org.in/Scripts/PublicationsView.aspx?id=24032,2026-10-08T17:54:00.685259+00:00
2026-04-01,90.97,index,2015-16=100,40-currency; trade-weighted; CPI combined; RBI January 2021 methodology,true,2026-07-31,https://www.rbi.org.in/Scripts/PublicationsView.aspx?id=24032,2026-10-08T17:54:00.685313+00:00
2026-05-01,89.21,index,2015-16=100,40-currency; trade-weighted; CPI combined; RBI January 2021 methodology,true,2026-07-31,https://www.rbi.org.in/Scripts/PublicationsView.aspx?id=24032,2026-10-08T17:54:00.685367+00:00
2026-06-01,91.26,index,2015-16=100,40-currency; trade-weighted; CPI combined; RBI January 2021 methodology,true,2026-08-25,https://www.rbi.org.in/Scripts/BS_ViewBulletin.aspx?Id=24418,2026-10-08T17:54:03.861564+00:00
2026-07-01,91.78,index,2015-16=100,40-currency; trade-weighted; CPI combined; RBI January 2021 methodology,true,2026-09-25,https://www.rbi.org.in/Scripts/BS_ViewBulletin.aspx?Id=24489,2026-10-08T17:53:59.406002+00:00
2026-08-01,92.0,index,2015-16=100,40-currency; trade-weighted; CPI combined; RBI January 2021 methodology,true,2026-09-25,https://www.rbi.org.in/Scripts/BS_ViewBulletin.aspx?Id=24489,2026-10-08T17:53:59.406031+00:00
