date,total_reserves_usd_mn,unit,source,release_date,source_url,fetched_at
2017-10-13,400296.80000000005,US$ million,RBI DBIE legacy; WSS overlap checked,,https://data.rbi.org.in/DBIE/,2026-10-07 06:40:15
2017-10-20,399921.0,US$ million,RBI DBIE legacy; WSS overlap checked,,https://data.rbi.org.in/DBIE/,2026-10-07 06:40:15
2017-10-27,398761.3,US$ million,RBI DBIE legacy; WSS overlap checked,,https://data.rbi.org.in/DBIE/,2026-10-07 06:40:15
2017-11-03,398739.10000000003,US$ million,RBI DBIE legacy; WSS overlap checked,,https://data.rbi.org.in/DBIE/,2026-10-07 06:40:15
2017-11-10,399293.3,US$ million,RBI DBIE legacy; WSS overlap checked,,https://data.rbi.org.in/DBIE/,2026-10-07 06:40:15
2017-11-17,399533.7,US$ million,RBI DBIE legacy; WSS overlap checked,,https://data.rbi.org.in/DBIE/,2026-10-07 06:40:15
2017-11-24,400741.8,US$ million,RBI DBIE legacy; WSS overlap checked,,https://data.rbi.org.in/DBIE/,2026-10-07 06:40:15
2017-12-01,401942.0,US$ million,RBI DBIE legacy; WSS overlap checked,,https://data.rbi.org.in/DBIE/,2026-10-07 06:40:15
2017-12-08,400897.60000000003,US$ million,RBI DBIE legacy; WSS overlap checked,,https://data.rbi.org.in/DBIE/,2026-10-07 06:40:15
2017-12-15,401385.80000000005,US$ million,RBI DBIE legacy; WSS overlap checked,,https://data.rbi.org.in/DBIE/,2026-10-07 06:40:15
2017-12-22,404921.80000000005,US$ million,RBI DBIE legacy; WSS overlap checked,,https://data.rbi.org.in/DBIE/,2026-10-07 06:40:15
2017-12-29,409366.6,US$ million,RBI DBIE legacy; WSS overlap checked,,https://data.rbi.org.in/DBIE/,2026-10-07 06:40:15
2018-01-05,411124.9,US$ million,RBI DBIE legacy; WSS overlap checked,,https://data.rbi.org.in/DBIE/,2026-10-07 06:40:15
2018-01-12,413825.4,US$ million,RBI DBIE legacy; WSS overlap checked,,https://data.rbi.org.in/DBIE/,2026-10-07 06:40:15
2018-01-19,414784.5,US$ million,RBI DBIE legacy; WSS overlap checked,,https://data.rbi.org.in/DBIE/,2026-10-07 06:40:15
2018-01-26,417789.2,US$ million,RBI DBIE legacy; WSS overlap checked,,https://data.rbi.org.in/DBIE/,2026-10-07 06:40:15
2018-02-02,421914.89999999997,US$ million,RBI DBIE legacy; WSS overlap checked,,https://data.rbi.org.in/DBIE/,2026-10-07 06:40:15
2018-02-09,419760.3,US$ million,RBI DBIE legacy; WSS overlap checked,,https://data.rbi.org.in/DBIE/,2026-10-07 06:40:15
2018-02-16,421720.7,US$ million,RBI DBIE legacy; WSS overlap checked,,https://data.rbi.org.in/DBIE/,2026-10-07 06:40:15
2018-02-23,420590.6,US$ million,RBI DBIE legacy; WSS overlap checked,,https://data.rbi.org.in/DBIE/,2026-10-07 06:40:15
2018-03-02,420758.4,US$ million,RBI DBIE legacy; WSS overlap checked,,https://data.rbi.org.in/DBIE/,2026-10-07 06:40:15
2018-03-09,421487.3,US$ million,RBI DBIE legacy; WSS overlap checked,,https://data.rbi.org.in/DBIE/,2026-10-07 06:40:15
2018-03-16,421334.9,US$ million,RBI DBIE legacy; WSS overlap checked,,https://data.rbi.org.in/DBIE/,2026-10-07 06:40:15
2018-03-23,422532.5,US$ million,RBI DBIE legacy; WSS overlap checked,,https://data.rbi.org.in/DBIE/,2026-10-07 06:40:15
2018-03-30,424361.10000000003,US$ million,RBI DBIE legacy; WSS overlap checked,,https://data.rbi.org.in/DBIE/,2026-10-07 06:40:15
2018-04-06,424864.7,US$ million,RBI DBIE legacy; WSS overlap checked,,https://data.rbi.org.in/DBIE/,2026-10-07 06:40:15
2018-04-13,426082.4,US$ million,RBI DBIE legacy; WSS overlap checked,,https://data.rbi.org.in/DBIE/,2026-10-07 06:40:15
2018-04-20,423582.80000000005,US$ million,RBI DBIE legacy; WSS overlap checked,,https://data.rbi.org.in/DBIE/,2026-10-07 06:40:15
2018-04-27,420366.30000000005,US$ million,RBI DBIE legacy; WSS overlap checked,,https://data.rbi.org.in/DBIE/,2026-10-07 06:40:15
2018-05-04,418940.0,US$ million,RBI DBIE legacy; WSS overlap checked,,https://data.rbi.org.in/DBIE/,2026-10-07 06:40:15
2018-05-11,417702.7,US$ million,RBI DBIE legacy; WSS overlap checked,,https://data.rbi.org.in/DBIE/,2026-10-07 06:40:15
2018-05-18,415053.80000000005,US$ million,RBI DBIE legacy; WSS overlap checked,,https://data.rbi.org.in/DBIE/,2026-10-07 06:40:15
2018-05-25,412824.1,US$ million,RBI DBIE legacy; WSS overlap checked,,https://data.rbi.org.in/DBIE/,2026-10-07 06:40:15
2018-06-01,412230.39999999997,US$ million,RBI DBIE legacy; WSS overlap checked,,https://data.rbi.org.in/DBIE/,2026-10-07 06:40:15
2018-06-08,413109.89999999997,US$ million,RBI DBIE legacy; WSS overlap checked,,https://data.rbi.org.in/DBIE/,2026-10-07 06:40:15
2018-06-15,410070.10000000003,US$ million,RBI DBIE legacy; WSS overlap checked,,https://data.rbi.org.in/DBIE/,2026-10-07 06:40:15
2018-06-22,407815.60000000003,US$ million,RBI DBIE legacy; WSS overlap checked,,https://data.rbi.org.in/DBIE/,2026-10-07 06:40:15
2018-06-29,406058.4,US$ million,RBI DBIE legacy; WSS overlap checked,,https://data.rbi.org.in/DBIE/,2026-10-07 06:40:15
2018-07-06,405810.2,US$ million,RBI DBIE legacy; WSS overlap checked,,https://data.rbi.org.in/DBIE/,2026-10-07 06:40:15
2018-07-13,405075.7,US$ million,RBI DBIE legacy; WSS overlap checked,,https://data.rbi.org.in/DBIE/,2026-10-07 06:40:15
2018-07-20,405143.39999999997,US$ million,RBI DBIE legacy; WSS overlap checked,,https://data.rbi.org.in/DBIE/,2026-10-07 06:40:15
2018-07-27,404192.5,US$ million,RBI DBIE legacy; WSS overlap checked,,https://data.rbi.org.in/DBIE/,2026-10-07 06:40:15
2018-08-03,402703.39999999997,US$ million,RBI DBIE legacy; WSS overlap checked,,https://data.rbi.org.in/DBIE/,2026-10-07 06:40:15
2018-08-10,400881.1,US$ million,RBI DBIE legacy; WSS overlap checked,,https://data.rbi.org.in/DBIE/,2026-10-07 06:40:15
2018-08-17,400847.89999999997,US$ million,RBI DBIE legacy; WSS overlap checked,,https://data.rbi.org.in/DBIE/,2026-10-07 06:40:15
2018-08-24,401293.3,US$ million,RBI DBIE legacy; WSS overlap checked,,https://data.rbi.org.in/DBIE/,2026-10-07 06:40:15
2018-08-31,400101.9,US$ million,RBI DBIE legacy; WSS overlap checked,,https://data.rbi.org.in/DBIE/,2026-10-07 06:40:15
2018-09-07,399282.4,US$ million,RBI DBIE legacy; WSS overlap checked,,https://data.rbi.org.in/DBIE/,2026-10-07 06:40:15
2018-09-14,400489.6,US$ million,RBI DBIE legacy; WSS overlap checked,,https://data.rbi.org.in/DBIE/,2026-10-07 06:40:15
2018-09-21,401790.3,US$ million,RBI DBIE legacy; WSS overlap checked,,https://data.rbi.org.in/DBIE/,2026-10-07 06:40:15
2018-09-28,400525.10000000003,US$ million,RBI DBIE legacy; WSS overlap checked,,https://data.rbi.org.in/DBIE/,2026-10-07 06:40:15
2018-10-05,399609.30000000005,US$ million,RBI DBIE legacy; WSS overlap checked,,https://data.rbi.org.in/DBIE/,2026-10-07 06:40:15
2018-10-12,394465.5,US$ million,RBI DBIE legacy; WSS overlap checked,,https://data.rbi.org.in/DBIE/,2026-10-07 06:40:15
2018-10-19,393523.5,US$ million,RBI DBIE legacy; WSS overlap checked,,https://data.rbi.org.in/DBIE/,2026-10-07 06:40:15
2018-10-26,392078.7,US$ million,RBI DBIE legacy; WSS overlap checked,,https://data.rbi.org.in/DBIE/,2026-10-07 06:40:15
2018-11-02,393132.5,US$ million,RBI DBIE legacy; WSS overlap checked,,https://data.rbi.org.in/DBIE/,2026-10-07 06:40:15
2018-11-09,393011.3,US$ million,RBI DBIE legacy; WSS overlap checked,,https://data.rbi.org.in/DBIE/,2026-10-07 06:40:15
2018-11-16,393580.2,US$ million,RBI DBIE legacy; WSS overlap checked,,https://data.rbi.org.in/DBIE/,2026-10-07 06:40:15
2018-11-23,392785.19999999995,US$ million,RBI DBIE legacy; WSS overlap checked,,https://data.rbi.org.in/DBIE/,2026-10-07 06:40:15
2018-11-30,393718.0,US$ million,RBI DBIE legacy; WSS overlap checked,,https://data.rbi.org.in/DBIE/,2026-10-07 06:40:15
2018-12-07,393734.6,US$ million,RBI DBIE legacy; WSS overlap checked,,https://data.rbi.org.in/DBIE/,2026-10-07 06:40:15
2018-12-14,393120.7,US$ million,RBI DBIE legacy; WSS overlap checked,,https://data.rbi.org.in/DBIE/,2026-10-07 06:40:15
2018-12-21,393287.89999999997,US$ million,RBI DBIE legacy; WSS overlap checked,,https://data.rbi.org.in/DBIE/,2026-10-07 06:40:15
2018-12-28,393404.3,US$ million,RBI DBIE legacy; WSS overlap checked,,https://data.rbi.org.in/DBIE/,2026-10-07 06:40:15
2019-01-04,396084.60000000003,US$ million,RBI DBIE legacy; WSS overlap checked,,https://data.rbi.org.in/DBIE/,2026-10-07 06:40:15
2019-01-11,397351.5,US$ million,RBI DBIE legacy; WSS overlap checked,,https://data.rbi.org.in/DBIE/,2026-10-07 06:40:15
2019-01-18,396680.5,US$ million,RBI DBIE legacy; WSS overlap checked,,https://data.rbi.org.in/DBIE/,2026-10-07 06:40:15
2019-01-25,398178.4,US$ million,RBI DBIE legacy; WSS overlap checked,,https://data.rbi.org.in/DBIE/,2026-10-07 06:40:15
2019-02-01,400241.6,US$ million,RBI DBIE legacy; WSS overlap checked,,https://data.rbi.org.in/DBIE/,2026-10-07 06:40:15
2019-02-08,398122.3,US$ million,RBI DBIE legacy; WSS overlap checked,,https://data.rbi.org.in/DBIE/,2026-10-07 06:40:15
2019-02-15,398272.5,US$ million,RBI DBIE legacy; WSS overlap checked,,https://data.rbi.org.in/DBIE/,2026-10-07 06:40:15
2019-02-22,399217.2,US$ million,RBI DBIE legacy; WSS overlap checked,,https://data.rbi.org.in/DBIE/,2026-10-07 06:40:15
2019-03-01,401776.7,US$ million,RBI DBIE legacy; WSS overlap checked,,https://data.rbi.org.in/DBIE/,2026-10-07 06:40:15
2019-03-08,402035.5,US$ million,RBI DBIE legacy; WSS overlap checked,,https://data.rbi.org.in/DBIE/,2026-10-07 06:40:15
2019-03-15,405638.39999999997,US$ million,RBI DBIE legacy; WSS overlap checked,,https://data.rbi.org.in/DBIE/,2026-10-07 06:40:15
2019-03-22,406667.5,US$ million,RBI DBIE legacy; WSS overlap checked,,https://data.rbi.org.in/DBIE/,2026-10-07 06:40:15
2019-03-29,411905.0,US$ million,RBI DBIE legacy; WSS overlap checked,,https://data.rbi.org.in/DBIE/,2026-10-07 06:40:15
2019-04-05,413781.2,US$ million,RBI DBIE legacy; WSS overlap checked,,https://data.rbi.org.in/DBIE/,2026-10-07 06:40:15
2019-04-12,414886.39999999997,US$ million,RBI DBIE legacy; WSS overlap checked,,https://data.rbi.org.in/DBIE/,2026-10-07 06:40:15
2019-04-19,414147.2,US$ million,RBI DBIE legacy; WSS overlap checked,,https://data.rbi.org.in/DBIE/,2026-10-07 06:40:15
2019-04-26,418515.30000000005,US$ million,RBI DBIE legacy; WSS overlap checked,,https://data.rbi.org.in/DBIE/,2026-10-07 06:40:15
2019-05-03,418687.2,US$ million,RBI DBIE legacy; WSS overlap checked,,https://data.rbi.org.in/DBIE/,2026-10-07 06:40:15
2019-05-10,420055.3,US$ million,RBI DBIE legacy; WSS overlap checked,,https://data.rbi.org.in/DBIE/,2026-10-07 06:40:15
2019-05-17,417998.2,US$ million,RBI DBIE legacy; WSS overlap checked,,https://data.rbi.org.in/DBIE/,2026-10-07 06:40:15
2019-05-24,419992.1,US$ million,RBI DBIE legacy; WSS overlap checked,,https://data.rbi.org.in/DBIE/,2026-10-07 06:40:15
2019-05-31,421867.8,US$ million,RBI DBIE legacy; WSS overlap checked,,https://data.rbi.org.in/DBIE/,2026-10-07 06:40:15
2019-06-07,423553.9,US$ million,RBI DBIE legacy; WSS overlap checked,,https://data.rbi.org.in/DBIE/,2026-10-07 06:40:15
2019-06-14,422200.10000000003,US$ million,RBI DBIE legacy; WSS overlap checked,,https://data.rbi.org.in/DBIE/,2026-10-07 06:40:15
2019-06-21,426416.0,US$ million,RBI DBIE legacy; WSS overlap checked,,https://data.rbi.org.in/DBIE/,2026-10-07 06:40:15
2019-06-28,427678.80000000005,US$ million,RBI DBIE legacy; WSS overlap checked,,https://data.rbi.org.in/DBIE/,2026-10-07 06:40:15
2019-07-05,429911.4,US$ million,RBI DBIE legacy; WSS overlap checked,,https://data.rbi.org.in/DBIE/,2026-10-07 06:40:15
2019-07-12,428797.6,US$ million,RBI DBIE legacy; WSS overlap checked,,https://data.rbi.org.in/DBIE/,2026-10-07 06:40:15
2019-07-19,430376.39999999997,US$ million,RBI DBIE legacy; WSS overlap checked,,https://data.rbi.org.in/DBIE/,2026-10-07 06:40:15
2019-07-26,429649.3,US$ million,RBI DBIE legacy; WSS overlap checked,,https://data.rbi.org.in/DBIE/,2026-10-07 06:40:15
2019-08-02,428952.0,US$ million,RBI DBIE legacy; WSS overlap checked,,https://data.rbi.org.in/DBIE/,2026-10-07 06:40:15
2019-08-09,430572.0,US$ million,RBI DBIE legacy; WSS overlap checked,,https://data.rbi.org.in/DBIE/,2026-10-07 06:40:15
2019-08-16,430501.3,US$ million,RBI DBIE legacy; WSS overlap checked,,https://data.rbi.org.in/DBIE/,2026-10-07 06:40:15
2019-08-23,429050.7,US$ million,RBI DBIE legacy; WSS overlap checked,,https://data.rbi.org.in/DBIE/,2026-10-07 06:40:15
2019-08-30,428604.30000000005,US$ million,RBI DBIE legacy; WSS overlap checked,,https://data.rbi.org.in/DBIE/,2026-10-07 06:40:15
2019-09-06,429608.4,US$ million,RBI DBIE legacy; WSS overlap checked,,https://data.rbi.org.in/DBIE/,2026-10-07 06:40:15
2019-09-13,428959.60000000003,US$ million,RBI DBIE legacy; WSS overlap checked,,https://data.rbi.org.in/DBIE/,2026-10-07 06:40:15
2019-09-20,428571.6,US$ million,RBI DBIE legacy; WSS overlap checked,,https://data.rbi.org.in/DBIE/,2026-10-07 06:40:15
2019-09-27,433593.7,US$ million,RBI DBIE legacy; WSS overlap checked,,https://data.rbi.org.in/DBIE/,2026-10-07 06:40:15
2019-10-04,437832.80000000005,US$ million,RBI DBIE legacy; WSS overlap checked,,https://data.rbi.org.in/DBIE/,2026-10-07 06:40:15
2019-10-11,439712.0,US$ million,RBI DBIE legacy; WSS overlap checked,,https://data.rbi.org.in/DBIE/,2026-10-07 06:40:15
2019-10-18,440751.0,US$ million,RBI DBIE legacy; WSS overlap checked,,https://data.rbi.org.in/DBIE/,2026-10-07 06:40:15
2019-10-25,442583.1,US$ million,RBI DBIE legacy; WSS overlap checked,,https://data.rbi.org.in/DBIE/,2026-10-07 06:40:15
2019-11-01,446098.4,US$ million,RBI DBIE legacy; WSS overlap checked,,https://data.rbi.org.in/DBIE/,2026-10-07 06:40:15
2019-11-08,447808.3,US$ million,RBI DBIE legacy; WSS overlap checked,,https://data.rbi.org.in/DBIE/,2026-10-07 06:40:15
2019-11-15,448249.39999999997,US$ million,RBI DBIE legacy; WSS overlap checked,,https://data.rbi.org.in/DBIE/,2026-10-07 06:40:15
2019-11-22,448596.0,US$ million,RBI DBIE legacy; WSS overlap checked,,https://data.rbi.org.in/DBIE/,2026-10-07 06:40:15
2019-11-29,451079.7,US$ million,RBI DBIE legacy; WSS overlap checked,,https://data.rbi.org.in/DBIE/,2026-10-07 06:40:15
2019-12-06,453421.80000000005,US$ million,RBI DBIE legacy; WSS overlap checked,,https://data.rbi.org.in/DBIE/,2026-10-07 06:40:15
2019-12-13,454491.8,US$ million,RBI DBIE legacy; WSS overlap checked,,https://data.rbi.org.in/DBIE/,2026-10-07 06:40:15
2019-12-20,454948.0,US$ million,RBI DBIE legacy; WSS overlap checked,,https://data.rbi.org.in/DBIE/,2026-10-07 06:40:15
2019-12-27,457467.69999999995,US$ million,RBI DBIE legacy; WSS overlap checked,,https://data.rbi.org.in/DBIE/,2026-10-07 06:40:15
2020-01-03,461156.8,US$ million,RBI DBIE legacy; WSS overlap checked,,https://data.rbi.org.in/DBIE/,2026-10-07 06:40:15
2020-01-10,461214.4,US$ million,RBI DBIE legacy; WSS overlap checked,,https://data.rbi.org.in/DBIE/,2026-10-07 06:40:15
2020-01-17,462157.4,US$ million,RBI DBIE legacy; WSS overlap checked,,https://data.rbi.org.in/DBIE/,2026-10-07 06:40:15
2020-01-24,466692.5,US$ million,RBI DBIE legacy; WSS overlap checked,,https://data.rbi.org.in/DBIE/,2026-10-07 06:40:15
2020-01-31,471299.6,US$ million,RBI DBIE legacy; WSS overlap checked,,https://data.rbi.org.in/DBIE/,2026-10-07 06:40:15
2020-02-07,473001.10000000003,US$ million,RBI DBIE legacy; WSS overlap checked,,https://data.rbi.org.in/DBIE/,2026-10-07 06:40:15
2020-02-14,476092.30000000005,US$ million,RBI DBIE legacy; WSS overlap checked,,https://data.rbi.org.in/DBIE/,2026-10-07 06:40:15
2020-02-21,476121.69999999995,US$ million,RBI DBIE legacy; WSS overlap checked,,https://data.rbi.org.in/DBIE/,2026-10-07 06:40:15
2020-02-28,481540.3,US$ million,RBI DBIE legacy; WSS overlap checked,,https://data.rbi.org.in/DBIE/,2026-10-07 06:40:15
2020-03-06,487237.39999999997,US$ million,RBI DBIE legacy; WSS overlap checked,,https://data.rbi.org.in/DBIE/,2026-10-07 06:40:15
2020-03-13,481891.7,US$ million,RBI DBIE legacy; WSS overlap checked,,https://data.rbi.org.in/DBIE/,2026-10-07 06:40:15
2020-03-20,469908.7,US$ million,RBI DBIE legacy; WSS overlap checked,,https://data.rbi.org.in/DBIE/,2026-10-07 06:40:15
2020-03-27,475561.39999999997,US$ million,RBI DBIE legacy; WSS overlap checked,,https://data.rbi.org.in/DBIE/,2026-10-07 06:40:15
2020-04-03,474659.89999999997,US$ million,RBI DBIE legacy; WSS overlap checked,,https://data.rbi.org.in/DBIE/,2026-10-07 06:40:15
2020-04-10,476475.1,US$ million,RBI DBIE legacy; WSS overlap checked,,https://data.rbi.org.in/DBIE/,2026-10-07 06:40:15
2020-04-17,479568.0,US$ million,RBI DBIE legacy; WSS overlap checked,,https://data.rbi.org.in/DBIE/,2026-10-07 06:40:15
2020-04-24,479455.30000000005,US$ million,RBI DBIE legacy; WSS overlap checked,,https://data.rbi.org.in/DBIE/,2026-10-07 06:40:15
2020-05-01,481077.60000000003,US$ million,RBI DBIE legacy; WSS overlap checked,,https://data.rbi.org.in/DBIE/,2026-10-07 06:40:15
2020-05-08,485312.5,US$ million,RBI DBIE legacy; WSS overlap checked,,https://data.rbi.org.in/DBIE/,2026-10-07 06:40:15
2020-05-15,487038.9,US$ million,RBI DBIE legacy; WSS overlap checked,,https://data.rbi.org.in/DBIE/,2026-10-07 06:40:15
2020-05-22,490043.60000000003,US$ million,RBI DBIE legacy; WSS overlap checked,,https://data.rbi.org.in/DBIE/,2026-10-07 06:40:15
2020-05-29,493479.6,US$ million,RBI DBIE legacy; WSS overlap checked,,https://data.rbi.org.in/DBIE/,2026-10-07 06:40:15
2020-06-05,501702.5,US$ million,RBI DBIE legacy; WSS overlap checked,,https://data.rbi.org.in/DBIE/,2026-10-07 06:40:15
2020-06-12,507644.2,US$ million,RBI DBIE legacy; WSS overlap checked,,https://data.rbi.org.in/DBIE/,2026-10-07 06:40:15
2020-06-19,505565.80000000005,US$ million,RBI DBIE legacy; WSS overlap checked,,https://data.rbi.org.in/DBIE/,2026-10-07 06:40:15
2020-06-26,506837.60000000003,US$ million,RBI DBIE legacy; WSS overlap checked,,https://data.rbi.org.in/DBIE/,2026-10-07 06:40:15
2020-07-03,513253.9,US$ million,RBI DBIE legacy; WSS overlap checked,,https://data.rbi.org.in/DBIE/,2026-10-07 06:40:15
2020-07-10,516362.2,US$ million,RBI DBIE legacy; WSS overlap checked,,https://data.rbi.org.in/DBIE/,2026-10-07 06:40:15
2020-07-17,517636.89999999997,US$ million,RBI DBIE legacy; WSS overlap checked,,https://data.rbi.org.in/DBIE/,2026-10-07 06:40:15
2020-07-24,522630.19999999995,US$ million,RBI DBIE legacy; WSS overlap checked,,https://data.rbi.org.in/DBIE/,2026-10-07 06:40:15
2020-07-31,534567.9,US$ million,RBI DBIE legacy; WSS overlap checked,,https://data.rbi.org.in/DBIE/,2026-10-07 06:40:15
2020-08-07,538191.2999999999,US$ million,RBI DBIE legacy; WSS overlap checked,,https://data.rbi.org.in/DBIE/,2026-10-07 06:40:15
2020-08-14,535252.1000000001,US$ million,RBI DBIE legacy; WSS overlap checked,,https://data.rbi.org.in/DBIE/,2026-10-07 06:40:15
2020-08-21,537547.7,US$ million,RBI DBIE legacy; WSS overlap checked,,https://data.rbi.org.in/DBIE/,2026-10-07 06:40:15
2020-08-28,541431.1,US$ million,RBI DBIE legacy; WSS overlap checked,,https://data.rbi.org.in/DBIE/,2026-10-07 06:40:15
2020-09-04,542013.0,US$ million,RBI DBIE legacy; WSS overlap checked,,https://data.rbi.org.in/DBIE/,2026-10-07 06:40:15
2020-09-11,541659.6,US$ million,RBI DBIE legacy; WSS overlap checked,,https://data.rbi.org.in/DBIE/,2026-10-07 06:40:15
2020-09-18,545037.7999999999,US$ million,RBI DBIE legacy; WSS overlap checked,,https://data.rbi.org.in/DBIE/,2026-10-07 06:40:15
2020-09-25,542020.7000000001,US$ million,RBI DBIE legacy; WSS overlap checked,,https://data.rbi.org.in/DBIE/,2026-10-07 06:40:15
2020-10-02,545638.2,US$ million,RBI DBIE legacy; WSS overlap checked,,https://data.rbi.org.in/DBIE/,2026-10-07 06:40:15
2020-10-09,551505.2,US$ million,RBI DBIE legacy; WSS overlap checked,,https://data.rbi.org.in/DBIE/,2026-10-07 06:40:15
2020-10-16,555120.3,US$ million,RBI DBIE legacy; WSS overlap checked,,https://data.rbi.org.in/DBIE/,2026-10-07 06:40:15
2020-10-23,560532.1,US$ million,RBI DBIE legacy; WSS overlap checked,,https://data.rbi.org.in/DBIE/,2026-10-07 06:40:15
2020-10-30,560715.2999999999,US$ million,RBI DBIE legacy; WSS overlap checked,,https://data.rbi.org.in/DBIE/,2026-10-07 06:40:15
2020-11-06,568494.0,US$ million,RBI DBIE legacy; WSS overlap checked,,https://data.rbi.org.in/DBIE/,2026-10-07 06:40:15
2020-11-13,572771.3,US$ million,RBI DBIE legacy; WSS overlap checked,,https://data.rbi.org.in/DBIE/,2026-10-07 06:40:15
2020-11-20,575289.7000000001,US$ million,RBI DBIE legacy; WSS overlap checked,,https://data.rbi.org.in/DBIE/,2026-10-07 06:40:15
2020-11-27,574820.7999999999,US$ million,RBI DBIE legacy; WSS overlap checked,,https://data.rbi.org.in/DBIE/,2026-10-07 06:40:15
2020-12-04,579345.9,US$ million,RBI DBIE legacy; WSS overlap checked,,https://data.rbi.org.in/DBIE/,2026-10-07 06:40:15
2020-12-11,578568.1,US$ million,RBI DBIE legacy; WSS overlap checked,,https://data.rbi.org.in/DBIE/,2026-10-07 06:40:15
2020-12-18,581130.7000000001,US$ million,RBI DBIE legacy; WSS overlap checked,,https://data.rbi.org.in/DBIE/,2026-10-07 06:40:15
2020-12-25,580840.7999999999,US$ million,RBI DBIE legacy; WSS overlap checked,,https://data.rbi.org.in/DBIE/,2026-10-07 06:40:15
2021-01-01,585323.7000000001,US$ million,RBI DBIE legacy; WSS overlap checked,,https://data.rbi.org.in/DBIE/,2026-10-07 06:40:15
2021-01-08,586081.5,US$ million,RBI DBIE legacy; WSS overlap checked,,https://data.rbi.org.in/DBIE/,2026-10-07 06:40:15
2021-01-15,584242.3,US$ million,RBI DBIE legacy; WSS overlap checked,,https://data.rbi.org.in/DBIE/,2026-10-07 06:40:15
2021-01-22,585333.7000000001,US$ million,RBI DBIE legacy; WSS overlap checked,,https://data.rbi.org.in/DBIE/,2026-10-07 06:40:15
2021-01-29,590185.2,US$ million,RBI DBIE legacy; WSS overlap checked,,https://data.rbi.org.in/DBIE/,2026-10-07 06:40:15
2021-02-05,583945.1,US$ million,RBI DBIE legacy; WSS overlap checked,,https://data.rbi.org.in/DBIE/,2026-10-07 06:40:15
2021-02-12,583696.5,US$ million,RBI DBIE legacy; WSS overlap checked,,https://data.rbi.org.in/DBIE/,2026-10-07 06:40:15
2021-02-19,583865.3,US$ million,RBI DBIE legacy; WSS overlap checked,,https://data.rbi.org.in/DBIE/,2026-10-07 06:40:15
2021-02-26,584554.2000000001,US$ million,RBI DBIE legacy; WSS overlap checked,,https://data.rbi.org.in/DBIE/,2026-10-07 06:40:15
2021-03-05,580298.9,US$ million,RBI DBIE legacy; WSS overlap checked,,https://data.rbi.org.in/DBIE/,2026-10-07 06:40:15
2021-03-12,582037.4,US$ million,RBI DBIE legacy; WSS overlap checked,,https://data.rbi.org.in/DBIE/,2026-10-07 06:40:15
2021-03-19,582270.9,US$ million,RBI DBIE legacy; WSS overlap checked,,https://data.rbi.org.in/DBIE/,2026-10-07 06:40:15
2021-03-26,579284.6,US$ million,RBI DBIE legacy; WSS overlap checked,,https://data.rbi.org.in/DBIE/,2026-10-07 06:40:15
2021-04-02,576869.2999999999,US$ million,RBI DBIE legacy; WSS overlap checked,,https://data.rbi.org.in/DBIE/,2026-10-07 06:40:15
2021-04-09,581213.4,US$ million,RBI DBIE legacy; WSS overlap checked,,https://data.rbi.org.in/DBIE/,2026-10-07 06:40:15
2021-04-16,582406.2000000001,US$ million,RBI DBIE legacy; WSS overlap checked,,https://data.rbi.org.in/DBIE/,2026-10-07 06:40:15
2021-04-23,584107.2000000001,US$ million,RBI DBIE legacy; WSS overlap checked,,https://data.rbi.org.in/DBIE/,2026-10-07 06:40:15
2021-04-30,588020.4,US$ million,RBI DBIE legacy; WSS overlap checked,,https://data.rbi.org.in/DBIE/,2026-10-07 06:40:15
2021-05-07,589464.7999999999,US$ million,RBI DBIE legacy; WSS overlap checked,,https://data.rbi.org.in/DBIE/,2026-10-07 06:40:15
2021-05-14,590028.2,US$ million,RBI DBIE legacy; WSS overlap checked,,https://data.rbi.org.in/DBIE/,2026-10-07 06:40:15
2021-05-21,592893.6,US$ million,RBI DBIE legacy; WSS overlap checked,,https://data.rbi.org.in/DBIE/,2026-10-07 06:40:15
2021-05-28,598165.1000000001,US$ million,RBI DBIE legacy; WSS overlap checked,,https://data.rbi.org.in/DBIE/,2026-10-07 06:40:15
2021-06-04,605007.5,US$ million,RBI DBIE legacy; WSS overlap checked,,https://data.rbi.org.in/DBIE/,2026-10-07 06:40:15
2021-06-11,608081.2,US$ million,RBI DBIE legacy; WSS overlap checked,,https://data.rbi.org.in/DBIE/,2026-10-07 06:40:15
2021-06-18,603933.5,US$ million,RBI DBIE legacy; WSS overlap checked,,https://data.rbi.org.in/DBIE/,2026-10-07 06:40:15
2021-06-25,608999.2,US$ million,RBI DBIE legacy; WSS overlap checked,,https://data.rbi.org.in/DBIE/,2026-10-07 06:40:15
2021-07-02,610012.0,US$ million,RBI DBIE legacy; WSS overlap checked,,https://data.rbi.org.in/DBIE/,2026-10-07 06:40:15
2021-07-09,611895.1,US$ million,RBI DBIE legacy; WSS overlap checked,,https://data.rbi.org.in/DBIE/,2026-10-07 06:40:15
2021-07-16,612729.6,US$ million,RBI DBIE legacy; WSS overlap checked,,https://data.rbi.org.in/DBIE/,2026-10-07 06:40:15
2021-07-23,611148.9,US$ million,RBI DBIE legacy; WSS overlap checked,,https://data.rbi.org.in/DBIE/,2026-10-07 06:40:15
2021-07-30,620575.5,US$ million,RBI DBIE legacy; WSS overlap checked,,https://data.rbi.org.in/DBIE/,2026-10-07 06:40:15
2021-08-06,621464.2,US$ million,RBI DBIE legacy; WSS overlap checked,,https://data.rbi.org.in/DBIE/,2026-10-07 06:40:15
2021-08-13,619364.9,US$ million,RBI DBIE legacy; WSS overlap checked,,https://data.rbi.org.in/DBIE/,2026-10-07 06:40:15
2021-08-20,616895.4,US$ million,RBI DBIE legacy; WSS overlap checked,,https://data.rbi.org.in/DBIE/,2026-10-07 06:40:15
2021-08-27,633558.2000000001,US$ million,RBI DBIE legacy; WSS overlap checked,,https://data.rbi.org.in/DBIE/,2026-10-07 06:40:15
2021-09-03,642453.2000000001,US$ million,RBI DBIE legacy; WSS overlap checked,,https://data.rbi.org.in/DBIE/,2026-10-07 06:40:15
2021-09-10,641112.7000000001,US$ million,RBI DBIE legacy; WSS overlap checked,,https://data.rbi.org.in/DBIE/,2026-10-07 06:40:15
2021-09-17,639642.3999999999,US$ million,RBI DBIE legacy; WSS overlap checked,,https://data.rbi.org.in/DBIE/,2026-10-07 06:40:15
2021-09-24,638645.9,US$ million,RBI DBIE legacy; WSS overlap checked,,https://data.rbi.org.in/DBIE/,2026-10-07 06:40:15
2021-10-01,637477.3,US$ million,RBI DBIE legacy; WSS overlap checked,,https://data.rbi.org.in/DBIE/,2026-10-07 06:40:15
2021-10-08,639516.1000000001,US$ million,RBI DBIE legacy; WSS overlap checked,,https://data.rbi.org.in/DBIE/,2026-10-07 06:40:15
2021-10-15,641007.7999999999,US$ million,RBI DBIE legacy; WSS overlap checked,,https://data.rbi.org.in/DBIE/,2026-10-07 06:40:15
2021-10-22,640100.2999999999,US$ million,RBI DBIE legacy; WSS overlap checked,,https://data.rbi.org.in/DBIE/,2026-10-07 06:40:15
2021-10-29,642019.1,US$ million,RBI DBIE legacy; WSS overlap checked,,https://data.rbi.org.in/DBIE/,2026-10-07 06:40:15
2021-11-05,640874.2,US$ million,RBI DBIE legacy; WSS overlap checked,,https://data.rbi.org.in/DBIE/,2026-10-07 06:40:15
2021-11-12,640111.7000000001,US$ million,RBI DBIE legacy; WSS overlap checked,,https://data.rbi.org.in/DBIE/,2026-10-07 06:40:15
2021-11-19,640400.8,US$ million,RBI DBIE legacy; WSS overlap checked,,https://data.rbi.org.in/DBIE/,2026-10-07 06:40:15
2021-11-26,637687.4,US$ million,RBI DBIE legacy; WSS overlap checked,,https://data.rbi.org.in/DBIE/,2026-10-07 06:40:15
2021-12-03,635904.9,US$ million,RBI DBIE legacy; WSS overlap checked,,https://data.rbi.org.in/DBIE/,2026-10-07 06:40:15
2021-12-10,635827.8,US$ million,RBI DBIE legacy; WSS overlap checked,,https://data.rbi.org.in/DBIE/,2026-10-07 06:40:15
2021-12-17,635667.2999999999,US$ million,RBI DBIE legacy; WSS overlap checked,,https://data.rbi.org.in/DBIE/,2026-10-07 06:40:15
2021-12-24,635079.8999999999,US$ million,RBI DBIE legacy; WSS overlap checked,,https://data.rbi.org.in/DBIE/,2026-10-07 06:40:15
2021-12-31,633614.2999999999,US$ million,RBI DBIE legacy; WSS overlap checked,,https://data.rbi.org.in/DBIE/,2026-10-07 06:40:15
2022-01-07,632735.8,US$ million,RBI DBIE legacy; WSS overlap checked,,https://data.rbi.org.in/DBIE/,2026-10-07 06:40:15
2022-01-14,634964.8999999999,US$ million,RBI DBIE legacy; WSS overlap checked,,https://data.rbi.org.in/DBIE/,2026-10-07 06:40:15
2022-01-21,634286.6,US$ million,RBI DBIE legacy; WSS overlap checked,,https://data.rbi.org.in/DBIE/,2026-10-07 06:40:15
2022-01-28,629755.2,US$ million,RBI DBIE legacy; WSS overlap checked,,https://data.rbi.org.in/DBIE/,2026-10-07 06:40:15
2022-02-04,631953.0,US$ million,RBI DBIE legacy; WSS overlap checked,,https://data.rbi.org.in/DBIE/,2026-10-07 06:40:15
2022-02-11,630189.8,US$ million,RBI DBIE legacy; WSS overlap checked,,https://data.rbi.org.in/DBIE/,2026-10-07 06:40:15
2022-02-18,632951.9,US$ million,RBI DBIE legacy; WSS overlap checked,,https://data.rbi.org.in/DBIE/,2026-10-07 06:40:15
2022-02-25,631526.7,US$ million,RBI DBIE legacy; WSS overlap checked,,https://data.rbi.org.in/DBIE/,2026-10-07 06:40:15
2022-03-04,631920.3,US$ million,RBI DBIE legacy; WSS overlap checked,,https://data.rbi.org.in/DBIE/,2026-10-07 06:40:15
2022-03-11,622274.7000000001,US$ million,RBI DBIE legacy; WSS overlap checked,,https://data.rbi.org.in/DBIE/,2026-10-07 06:40:15
2022-03-18,619678.0,US$ million,RBI DBIE legacy; WSS overlap checked,,https://data.rbi.org.in/DBIE/,2026-10-07 06:40:15
2022-03-25,617647.7999999999,US$ million,RBI DBIE legacy; WSS overlap checked,,https://data.rbi.org.in/DBIE/,2026-10-07 06:40:15
2022-04-01,606475.2999999999,US$ million,RBI DBIE legacy; WSS overlap checked,,https://data.rbi.org.in/DBIE/,2026-10-07 06:40:15
2022-04-08,604004.2999999999,US$ million,RBI DBIE legacy; WSS overlap checked,,https://data.rbi.org.in/DBIE/,2026-10-07 06:40:15
2022-04-15,603693.7000000001,US$ million,RBI DBIE legacy; WSS overlap checked,,https://data.rbi.org.in/DBIE/,2026-10-07 06:40:15
2022-04-22,600422.9,US$ million,RBI DBIE legacy; WSS overlap checked,,https://data.rbi.org.in/DBIE/,2026-10-07 06:40:15
2022-04-29,597727.9,US$ million,RBI DBIE legacy; WSS overlap checked,,https://data.rbi.org.in/DBIE/,2026-10-07 06:40:15
2022-05-06,595954.3,US$ million,RBI DBIE legacy; WSS overlap checked,,https://data.rbi.org.in/DBIE/,2026-10-07 06:40:15
2022-05-13,593278.8,US$ million,RBI DBIE legacy; WSS overlap checked,,https://data.rbi.org.in/DBIE/,2026-10-07 06:40:15
2022-05-20,597509.2,US$ million,RBI DBIE legacy; WSS overlap checked,,https://data.rbi.org.in/DBIE/,2026-10-07 06:40:15
2022-05-27,601362.9,US$ million,RBI DBIE legacy; WSS overlap checked,,https://data.rbi.org.in/DBIE/,2026-10-07 06:40:15
2022-06-03,601057.2,US$ million,RBI DBIE legacy; WSS overlap checked,,https://data.rbi.org.in/DBIE/,2026-10-07 06:40:15
2022-06-10,596458.2000000001,US$ million,RBI DBIE legacy; WSS overlap checked,,https://data.rbi.org.in/DBIE/,2026-10-07 06:40:15
2022-06-17,590588.1000000001,US$ million,RBI DBIE legacy; WSS overlap checked,,https://data.rbi.org.in/DBIE/,2026-10-07 06:40:15
2022-06-24,593322.6,US$ million,RBI DBIE legacy; WSS overlap checked,,https://data.rbi.org.in/DBIE/,2026-10-07 06:40:15
2022-07-01,588314.2000000001,US$ million,RBI DBIE legacy; WSS overlap checked,,https://data.rbi.org.in/DBIE/,2026-10-07 06:40:15
2022-07-08,580252.2000000001,US$ million,RBI DBIE legacy; WSS overlap checked,,https://data.rbi.org.in/DBIE/,2026-10-07 06:40:15
2022-07-15,572711.7,US$ million,RBI DBIE legacy; WSS overlap checked,,https://data.rbi.org.in/DBIE/,2026-10-07 06:40:15
2022-07-22,571559.9,US$ million,RBI DBIE legacy; WSS overlap checked,,https://data.rbi.org.in/DBIE/,2026-10-07 06:40:15
2022-07-29,573874.7,US$ million,RBI DBIE legacy; WSS overlap checked,,https://data.rbi.org.in/DBIE/,2026-10-07 06:40:15
2022-08-05,572977.6000000001,US$ million,RBI DBIE legacy; WSS overlap checked,,https://data.rbi.org.in/DBIE/,2026-10-07 06:40:15
2022-08-12,570740.1,US$ million,RBI DBIE legacy; WSS overlap checked,,https://data.rbi.org.in/DBIE/,2026-10-07 06:40:15
2022-08-19,564053.2,US$ million,RBI DBIE legacy; WSS overlap checked,,https://data.rbi.org.in/DBIE/,2026-10-07 06:40:15
2022-08-26,561045.7999999999,US$ million,RBI DBIE legacy; WSS overlap checked,,https://data.rbi.org.in/DBIE/,2026-10-07 06:40:15
2022-09-02,553105.2,US$ million,RBI DBIE legacy; WSS overlap checked,,https://data.rbi.org.in/DBIE/,2026-10-07 06:40:15
2022-09-09,550871.3,US$ million,RBI DBIE legacy; WSS overlap checked,,https://data.rbi.org.in/DBIE/,2026-10-07 06:40:15
2022-09-16,545652.5,US$ million,RBI DBIE legacy; WSS overlap checked,,https://data.rbi.org.in/DBIE/,2026-10-07 06:40:15
2022-09-23,537518.2,US$ million,RBI DBIE legacy; WSS overlap checked,,https://data.rbi.org.in/DBIE/,2026-10-07 06:40:15
2022-09-30,532663.7,US$ million,RBI DBIE legacy; WSS overlap checked,,https://data.rbi.org.in/DBIE/,2026-10-07 06:40:15
2022-10-07,532868.0,US$ million,RBI DBIE legacy; WSS overlap checked,,https://data.rbi.org.in/DBIE/,2026-10-07 06:40:15
2022-10-14,528366.9,US$ million,RBI DBIE legacy; WSS overlap checked,,https://data.rbi.org.in/DBIE/,2026-10-07 06:40:15
2022-10-21,524519.8,US$ million,RBI DBIE legacy; WSS overlap checked,,https://data.rbi.org.in/DBIE/,2026-10-07 06:40:15
2022-10-28,531080.7999999999,US$ million,RBI DBIE legacy; WSS overlap checked,,https://data.rbi.org.in/DBIE/,2026-10-07 06:40:15
2022-11-04,529994.2999999999,US$ million,RBI DBIE legacy; WSS overlap checked,,https://data.rbi.org.in/DBIE/,2026-10-07 06:40:15
2022-11-11,544714.8999999999,US$ million,RBI DBIE legacy; WSS overlap checked,,https://data.rbi.org.in/DBIE/,2026-10-07 06:40:15
2022-11-18,547252.3,US$ million,RBI DBIE legacy; WSS overlap checked,,https://data.rbi.org.in/DBIE/,2026-10-07 06:40:15
2022-11-25,550142.0,US$ million,RBI DBIE legacy; WSS overlap checked,,https://data.rbi.org.in/DBIE/,2026-10-07 06:40:15
2022-12-02,561161.6,US$ million,RBI DBIE legacy; WSS overlap checked,,https://data.rbi.org.in/DBIE/,2026-10-07 06:40:15
2022-12-09,564070.0,US$ million,RBI DBIE legacy; WSS overlap checked,,https://data.rbi.org.in/DBIE/,2026-10-07 06:40:15
2022-12-16,563498.6,US$ million,RBI DBIE legacy; WSS overlap checked,,https://data.rbi.org.in/DBIE/,2026-10-07 06:40:15
2022-12-23,562807.6,US$ million,RBI DBIE legacy; WSS overlap checked,,https://data.rbi.org.in/DBIE/,2026-10-07 06:40:15
2022-12-30,562851.4,US$ million,RBI DBIE legacy; WSS overlap checked,,https://data.rbi.org.in/DBIE/,2026-10-07 06:40:15
2023-01-06,561583.4,US$ million,RBI DBIE legacy; WSS overlap checked,,https://data.rbi.org.in/DBIE/,2026-10-07 06:40:15
2023-01-13,572000.4,US$ million,RBI DBIE legacy; WSS overlap checked,,https://data.rbi.org.in/DBIE/,2026-10-07 06:40:15
2023-01-20,573727.2000000001,US$ million,RBI DBIE legacy; WSS overlap checked,,https://data.rbi.org.in/DBIE/,2026-10-07 06:40:15
2023-01-27,576760.7000000001,US$ million,RBI DBIE legacy; WSS overlap checked,,https://data.rbi.org.in/DBIE/,2026-10-07 06:40:15
2023-02-03,575266.8,US$ million,RBI DBIE legacy; WSS overlap checked,,https://data.rbi.org.in/DBIE/,2026-10-07 06:40:15
2023-02-10,566948.1,US$ million,RBI DBIE legacy; WSS overlap checked,,https://data.rbi.org.in/DBIE/,2026-10-07 06:40:15
2023-02-17,561266.8,US$ million,RBI DBIE legacy; WSS overlap checked,,https://data.rbi.org.in/DBIE/,2026-10-07 06:40:15
2023-02-24,560941.5,US$ million,RBI DBIE legacy; WSS overlap checked,,https://data.rbi.org.in/DBIE/,2026-10-07 06:40:15
2023-03-03,562399.8,US$ million,RBI DBIE legacy; WSS overlap checked,,https://data.rbi.org.in/DBIE/,2026-10-07 06:40:15
2023-03-10,560002.5,US$ million,RBI DBIE legacy; WSS overlap checked,,https://data.rbi.org.in/DBIE/,2026-10-07 06:40:15
2023-03-17,572800.7999999999,US$ million,RBI DBIE legacy; WSS overlap checked,,https://data.rbi.org.in/DBIE/,2026-10-07 06:40:15
2023-03-24,578778.2,US$ million,RBI DBIE legacy; WSS overlap checked,,https://data.rbi.org.in/DBIE/,2026-10-07 06:40:15
2023-03-31,578449.2000000001,US$ million,RBI DBIE legacy; WSS overlap checked,,https://data.rbi.org.in/DBIE/,2026-10-07 06:40:15
2023-04-07,584754.8,US$ million,RBI DBIE legacy; WSS overlap checked,,https://data.rbi.org.in/DBIE/,2026-10-07 06:40:15
2023-04-14,586411.8999999999,US$ million,RBI DBIE legacy; WSS overlap checked,,https://data.rbi.org.in/DBIE/,2026-10-07 06:40:15
2023-04-21,584247.7,US$ million,RBI DBIE legacy; WSS overlap checked,,https://data.rbi.org.in/DBIE/,2026-10-07 06:40:15
2023-04-28,588779.8,US$ million,RBI DBIE legacy; WSS overlap checked,,https://data.rbi.org.in/DBIE/,2026-10-07 06:40:15
2023-05-05,595976.2,US$ million,RBI DBIE legacy; WSS overlap checked,,https://data.rbi.org.in/DBIE/,2026-10-07 06:40:15
2023-05-12,599528.8,US$ million,RBI DBIE legacy; WSS overlap checked,,https://data.rbi.org.in/DBIE/,2026-10-07 06:40:15
2023-05-19,593476.6,US$ million,RBI DBIE legacy; WSS overlap checked,,https://data.rbi.org.in/DBIE/,2026-10-07 06:40:15
2023-05-26,589137.6,US$ million,RBI DBIE legacy; WSS overlap checked,,https://data.rbi.org.in/DBIE/,2026-10-07 06:40:15
2023-06-02,595066.5,US$ million,RBI DBIE legacy; WSS overlap checked,,https://data.rbi.org.in/DBIE/,2026-10-07 06:40:15
2023-06-09,593748.6,US$ million,RBI DBIE legacy; WSS overlap checked,,https://data.rbi.org.in/DBIE/,2026-10-07 06:40:15
2023-06-16,596098.4,US$ million,RBI DBIE legacy; WSS overlap checked,,https://data.rbi.org.in/DBIE/,2026-10-07 06:40:15
2023-06-23,593197.7000000001,US$ million,RBI DBIE legacy; WSS overlap checked,,https://data.rbi.org.in/DBIE/,2026-10-07 06:40:15
2023-06-30,595051.3999999999,US$ million,RBI DBIE legacy; WSS overlap checked,,https://data.rbi.org.in/DBIE/,2026-10-07 06:40:15
2023-07-07,596279.7000000001,US$ million,RBI DBIE legacy; WSS overlap checked,,https://data.rbi.org.in/DBIE/,2026-10-07 06:40:15
2023-07-14,609022.2,US$ million,RBI DBIE legacy; WSS overlap checked,,https://data.rbi.org.in/DBIE/,2026-10-07 06:40:15
2023-07-21,607035.0,US$ million,RBI DBIE legacy; WSS overlap checked,,https://data.rbi.org.in/DBIE/,2026-10-07 06:40:15
2023-07-28,603870.0,US$ million,RBI DBIE legacy; WSS overlap checked,,https://data.rbi.org.in/DBIE/,2026-10-07 06:40:15
2023-08-04,601453.0,US$ million,RBI DBIE legacy; WSS overlap checked,,https://data.rbi.org.in/DBIE/,2026-10-07 06:40:15
2023-08-11,602161.0,US$ million,RBI DBIE legacy; WSS overlap checked,,https://data.rbi.org.in/DBIE/,2026-10-07 06:40:15
2023-08-18,594888.2,US$ million,RBI DBIE legacy; WSS overlap checked,,https://data.rbi.org.in/DBIE/,2026-10-07 06:40:15
2023-08-25,594857.8,US$ million,RBI DBIE legacy; WSS overlap checked,,https://data.rbi.org.in/DBIE/,2026-10-07 06:40:15
2023-09-01,598896.6000000001,US$ million,RBI DBIE legacy; WSS overlap checked,,https://data.rbi.org.in/DBIE/,2026-10-07 06:40:15
2023-09-08,593904.3,US$ million,RBI DBIE legacy; WSS overlap checked,,https://data.rbi.org.in/DBIE/,2026-10-07 06:40:15
2023-09-15,593037.1,US$ million,RBI DBIE legacy; WSS overlap checked,,https://data.rbi.org.in/DBIE/,2026-10-07 06:40:15
2023-09-22,590701.8,US$ million,RBI DBIE legacy; WSS overlap checked,,https://data.rbi.org.in/DBIE/,2026-10-07 06:40:15
2023-09-29,586907.6,US$ million,RBI DBIE legacy; WSS overlap checked,,https://data.rbi.org.in/DBIE/,2026-10-07 06:40:15
2023-10-06,584741.5,US$ million,RBI DBIE legacy; WSS overlap checked,,https://data.rbi.org.in/DBIE/,2026-10-07 06:40:15
2023-10-13,585894.9,US$ million,RBI DBIE legacy; WSS overlap checked,,https://data.rbi.org.in/DBIE/,2026-10-07 06:40:15
2023-10-20,583532.1,US$ million,RBI DBIE legacy; WSS overlap checked,,https://data.rbi.org.in/DBIE/,2026-10-07 06:40:15
2023-10-27,586110.7,US$ million,RBI DBIE legacy; WSS overlap checked,,https://data.rbi.org.in/DBIE/,2026-10-07 06:40:15
2023-11-03,590782.5,US$ million,RBI DBIE legacy; WSS overlap checked,,https://data.rbi.org.in/DBIE/,2026-10-07 06:40:15
2023-11-10,590320.7999999999,US$ million,RBI DBIE legacy; WSS overlap checked,,https://data.rbi.org.in/DBIE/,2026-10-07 06:40:15
2023-11-17,595397.3999999999,US$ million,RBI DBIE legacy; WSS overlap checked,,https://data.rbi.org.in/DBIE/,2026-10-07 06:40:15
2023-11-24,597935.0,US$ million,RBI DBIE legacy; WSS overlap checked,,https://data.rbi.org.in/DBIE/,2026-10-07 06:40:15
2023-12-01,604042.2999999999,US$ million,RBI DBIE legacy; WSS overlap checked,,https://data.rbi.org.in/DBIE/,2026-10-07 06:40:15
2023-12-08,606858.7999999999,US$ million,RBI DBIE legacy; WSS overlap checked,,https://data.rbi.org.in/DBIE/,2026-10-07 06:40:15
2023-12-15,615970.6,US$ million,RBI DBIE legacy; WSS overlap checked,,https://data.rbi.org.in/DBIE/,2026-10-07 06:40:15
2023-12-22,620441.2999999999,US$ million,RBI DBIE legacy; WSS overlap checked,,https://data.rbi.org.in/DBIE/,2026-10-07 06:40:15
2023-12-29,623200.3999999999,US$ million,RBI DBIE legacy; WSS overlap checked,,https://data.rbi.org.in/DBIE/,2026-10-07 06:40:15
2024-01-05,617302.9,US$ million,RBI DBIE legacy; WSS overlap checked,,https://data.rbi.org.in/DBIE/,2026-10-07 06:40:15
2024-01-12,618937.1,US$ million,RBI DBIE legacy; WSS overlap checked,,https://data.rbi.org.in/DBIE/,2026-10-07 06:40:15
2024-01-19,616142.6,US$ million,RBI DBIE legacy; WSS overlap checked,,https://data.rbi.org.in/DBIE/,2026-10-07 06:40:15
2024-01-26,616733.2,US$ million,RBI DBIE legacy; WSS overlap checked,,https://data.rbi.org.in/DBIE/,2026-10-07 06:40:15
2024-02-02,622469.3999999999,US$ million,RBI DBIE legacy; WSS overlap checked,,https://data.rbi.org.in/DBIE/,2026-10-07 06:40:15
2024-02-09,617229.5,US$ million,RBI DBIE legacy; WSS overlap checked,,https://data.rbi.org.in/DBIE/,2026-10-07 06:40:15
2024-02-16,616097.2000000001,US$ million,RBI DBIE legacy; WSS overlap checked,,https://data.rbi.org.in/DBIE/,2026-10-07 06:40:15
2024-02-23,619072.1,US$ million,RBI DBIE legacy; WSS overlap checked,,https://data.rbi.org.in/DBIE/,2026-10-07 06:40:15
2024-03-01,625625.8,US$ million,RBI DBIE legacy; WSS overlap checked,,https://data.rbi.org.in/DBIE/,2026-10-07 06:40:15
2024-03-08,636095.5,US$ million,RBI DBIE legacy; WSS overlap checked,,https://data.rbi.org.in/DBIE/,2026-10-07 06:40:15
2024-03-15,642491.5,US$ million,RBI DBIE legacy; WSS overlap checked,,https://data.rbi.org.in/DBIE/,2026-10-07 06:40:15
2024-03-22,642631.5,US$ million,RBI DBIE legacy; WSS overlap checked,,https://data.rbi.org.in/DBIE/,2026-10-07 06:40:15
2024-03-29,645582.6,US$ million,RBI DBIE legacy; WSS overlap checked,,https://data.rbi.org.in/DBIE/,2026-10-07 06:40:15
2024-04-05,648562.2,US$ million,RBI DBIE legacy; WSS overlap checked,,https://data.rbi.org.in/DBIE/,2026-10-07 06:40:15
2024-04-12,643161.6,US$ million,RBI DBIE legacy; WSS overlap checked,,https://data.rbi.org.in/DBIE/,2026-10-07 06:40:15
2024-04-19,640333.7000000001,US$ million,RBI DBIE legacy; WSS overlap checked,,https://data.rbi.org.in/DBIE/,2026-10-07 06:40:15
2024-04-26,637921.6,US$ million,RBI DBIE legacy; WSS overlap checked,,https://data.rbi.org.in/DBIE/,2026-10-07 06:40:15
2024-05-03,641590.0,US$ million,RBI DBIE legacy; WSS overlap checked,,https://data.rbi.org.in/DBIE/,2026-10-07 06:40:15
2024-05-10,644151.0,US$ million,RBI DBIE legacy; WSS overlap checked,,https://data.rbi.org.in/DBIE/,2026-10-07 06:40:15
2024-05-17,648700.1,US$ million,RBI DBIE legacy; WSS overlap checked,,https://data.rbi.org.in/DBIE/,2026-10-07 06:40:15
2024-05-24,646673.0,US$ million,RBI DBIE legacy; WSS overlap checked,,https://data.rbi.org.in/DBIE/,2026-10-07 06:40:15
2024-05-31,651510.0,US$ million,RBI DBIE legacy; WSS overlap checked,,https://data.rbi.org.in/DBIE/,2026-10-07 06:40:15
2024-06-07,655816.7999999999,US$ million,RBI DBIE legacy; WSS overlap checked,,https://data.rbi.org.in/DBIE/,2026-10-07 06:40:15
2024-06-14,652895.0,US$ million,RBI DBIE legacy; WSS overlap checked,,https://data.rbi.org.in/DBIE/,2026-10-07 06:40:15
2024-06-21,653710.6,US$ million,RBI DBIE legacy; WSS overlap checked,,https://data.rbi.org.in/DBIE/,2026-10-07 06:40:15
2024-06-28,651997.3,US$ million,RBI DBIE legacy; WSS overlap checked,,https://data.rbi.org.in/DBIE/,2026-10-07 06:40:15
2024-07-05,657155.0,US$ million,RBI DBIE legacy; WSS overlap checked,,https://data.rbi.org.in/DBIE/,2026-10-07 06:40:15
2024-07-12,666854.1,US$ million,RBI DBIE legacy; WSS overlap checked,,https://data.rbi.org.in/DBIE/,2026-10-07 06:40:15
2024-07-19,670857.0,US$ million,RBI DBIE legacy; WSS overlap checked,,https://data.rbi.org.in/DBIE/,2026-10-07 06:40:15
2024-07-26,667385.8,US$ million,RBI DBIE legacy; WSS overlap checked,,https://data.rbi.org.in/DBIE/,2026-10-07 06:40:15
2024-08-02,674918.6,US$ million,RBI DBIE legacy; WSS overlap checked,,https://data.rbi.org.in/DBIE/,2026-10-07 06:40:15
2024-08-09,670118.7999999999,US$ million,RBI DBIE legacy; WSS overlap checked,,https://data.rbi.org.in/DBIE/,2026-10-07 06:40:15
2024-08-16,674664.3,US$ million,RBI DBIE legacy; WSS overlap checked,,https://data.rbi.org.in/DBIE/,2026-10-07 06:40:15
2024-08-23,681687.7,US$ million,RBI DBIE legacy; WSS overlap checked,,https://data.rbi.org.in/DBIE/,2026-10-07 06:40:15
2024-08-30,683986.6,US$ million,RBI DBIE legacy; WSS overlap checked,,https://data.rbi.org.in/DBIE/,2026-10-07 06:40:15
2024-09-06,689234.7999999999,US$ million,RBI DBIE legacy; WSS overlap checked,,https://data.rbi.org.in/DBIE/,2026-10-07 06:40:15
2024-09-13,689458.1,US$ million,RBI DBIE legacy; WSS overlap checked,,https://data.rbi.org.in/DBIE/,2026-10-07 06:40:15
2024-09-20,692296.3999999999,US$ million,RBI DBIE legacy; WSS overlap checked,,https://data.rbi.org.in/DBIE/,2026-10-07 06:40:15
2024-09-27,704884.8,US$ million,RBI DBIE legacy; WSS overlap checked,,https://data.rbi.org.in/DBIE/,2026-10-07 06:40:15
2024-10-04,701175.8999999999,US$ million,RBI DBIE legacy; WSS overlap checked,,https://data.rbi.org.in/DBIE/,2026-10-07 06:40:15
2024-10-11,690430.2000000001,US$ million,RBI DBIE legacy; WSS overlap checked,,https://data.rbi.org.in/DBIE/,2026-10-07 06:40:15
2024-10-18,688267.3999999999,US$ million,RBI DBIE legacy; WSS overlap checked,,https://data.rbi.org.in/DBIE/,2026-10-07 06:40:15
2024-10-25,684804.7000000001,US$ million,RBI DBIE legacy; WSS overlap checked,,https://data.rbi.org.in/DBIE/,2026-10-07 06:40:15
2024-11-01,682130.0,US$ million,RBI DBIE legacy; WSS overlap checked,,https://data.rbi.org.in/DBIE/,2026-10-07 06:40:15
2024-11-08,675653.2,US$ million,RBI DBIE legacy; WSS overlap checked,,https://data.rbi.org.in/DBIE/,2026-10-07 06:40:15
2024-11-15,657891.8999999999,US$ million,RBI DBIE legacy; WSS overlap checked,,https://data.rbi.org.in/DBIE/,2026-10-07 06:40:15
2024-11-22,656581.8,US$ million,RBI DBIE legacy; WSS overlap checked,,https://data.rbi.org.in/DBIE/,2026-10-07 06:40:15
2024-11-29,658091.3,US$ million,RBI DBIE legacy; WSS overlap checked,,https://data.rbi.org.in/DBIE/,2026-10-07 06:40:15
2024-12-06,654856.7000000001,US$ million,RBI DBIE legacy; WSS overlap checked,,https://data.rbi.org.in/DBIE/,2026-10-07 06:40:15
2024-12-13,652868.7999999999,US$ million,RBI DBIE legacy; WSS overlap checked,,https://data.rbi.org.in/DBIE/,2026-10-07 06:40:15
2024-12-20,644390.6,US$ million,RBI DBIE legacy; WSS overlap checked,,https://data.rbi.org.in/DBIE/,2026-10-07 06:40:15
2024-12-27,640278.5,US$ million,RBI DBIE legacy; WSS overlap checked,,https://data.rbi.org.in/DBIE/,2026-10-07 06:40:15
2025-01-03,634585.1,US$ million,RBI DBIE legacy; WSS overlap checked,,https://data.rbi.org.in/DBIE/,2026-10-07 06:40:15
2025-01-10,625871.1,US$ million,RBI DBIE legacy; WSS overlap checked,,https://data.rbi.org.in/DBIE/,2026-10-07 06:40:15
2025-01-17,623983.2999999999,US$ million,RBI DBIE legacy; WSS overlap checked,,https://data.rbi.org.in/DBIE/,2026-10-07 06:40:15
2025-01-24,629556.9,US$ million,RBI DBIE legacy; WSS overlap checked,,https://data.rbi.org.in/DBIE/,2026-10-07 06:40:15
2025-01-31,630607.4,US$ million,RBI DBIE legacy; WSS overlap checked,,https://data.rbi.org.in/DBIE/,2026-10-07 06:40:15
2025-02-07,638261.4,US$ million,RBI DBIE legacy; WSS overlap checked,,https://data.rbi.org.in/DBIE/,2026-10-07 06:40:15
2025-02-14,635721.2,US$ million,RBI DBIE legacy; WSS overlap checked,,https://data.rbi.org.in/DBIE/,2026-10-07 06:40:15
2025-02-21,640479.5,US$ million,RBI DBIE legacy; WSS overlap checked,,https://data.rbi.org.in/DBIE/,2026-10-07 06:40:15
2025-02-28,638698.4,US$ million,RBI DBIE legacy; WSS overlap checked,,https://data.rbi.org.in/DBIE/,2026-10-07 06:40:15
2025-03-07,653965.6,US$ million,RBI DBIE legacy; WSS overlap checked,,https://data.rbi.org.in/DBIE/,2026-10-07 06:40:15
2025-03-14,654270.8,US$ million,RBI DBIE legacy; WSS overlap checked,,https://data.rbi.org.in/DBIE/,2026-10-07 06:40:15
2025-03-21,658799.6000000001,US$ million,RBI DBIE legacy; WSS overlap checked,,https://data.rbi.org.in/DBIE/,2026-10-07 06:40:15
2025-03-28,665395.9,US$ million,RBI DBIE legacy; WSS overlap checked,,https://data.rbi.org.in/DBIE/,2026-10-07 06:40:15
2025-04-04,676268.4,US$ million,RBI DBIE legacy; WSS overlap checked,,https://data.rbi.org.in/DBIE/,2026-10-07 06:40:15
2025-04-11,677835.2,US$ million,RBI DBIE legacy; WSS overlap checked,,https://data.rbi.org.in/DBIE/,2026-10-07 06:40:15
2025-04-18,686145.5,US$ million,RBI DBIE legacy; WSS overlap checked,,https://data.rbi.org.in/DBIE/,2026-10-07 06:40:15
2025-04-25,688128.6,US$ million,RBI DBIE legacy; WSS overlap checked,,https://data.rbi.org.in/DBIE/,2026-10-07 06:40:15
2025-05-02,686063.6,US$ million,RBI DBIE legacy; WSS overlap checked,,https://data.rbi.org.in/DBIE/,2026-10-07 06:40:15
2025-05-09,690617.0,US$ million,RBI DBIE legacy; WSS overlap checked,,https://data.rbi.org.in/DBIE/,2026-10-07 06:40:15
2025-05-16,685729.5,US$ million,RBI DBIE legacy; WSS overlap checked,,https://data.rbi.org.in/DBIE/,2026-10-07 06:40:15
2025-05-23,692721.3,US$ million,RBI DBIE legacy; WSS overlap checked,,https://data.rbi.org.in/DBIE/,2026-10-07 06:40:15
2025-05-30,691484.7,US$ million,RBI DBIE legacy; WSS overlap checked,,https://data.rbi.org.in/DBIE/,2026-10-07 06:40:15
2025-06-06,696656.0,US$ million,RBI DBIE legacy; WSS overlap checked,,https://data.rbi.org.in/DBIE/,2026-10-07 06:40:15
2025-06-13,698950.2,US$ million,RBI DBIE legacy; WSS overlap checked,,https://data.rbi.org.in/DBIE/,2026-10-07 06:40:15
2025-06-20,697935.3999999999,US$ million,RBI DBIE legacy; WSS overlap checked,,https://data.rbi.org.in/DBIE/,2026-10-07 06:40:15
2025-06-27,702784.4,US$ million,RBI DBIE legacy; WSS overlap checked,,https://data.rbi.org.in/DBIE/,2026-10-07 06:40:15
2025-07-04,699735.8,US$ million,RBI DBIE legacy; WSS overlap checked,,https://data.rbi.org.in/DBIE/,2026-10-07 06:40:15
2025-07-11,696672.0,US$ million,RBI DBIE legacy; WSS overlap checked,,https://data.rbi.org.in/DBIE/,2026-10-07 06:40:15
2025-07-18,695489.0,US$ million,RBI DBIE legacy; WSS overlap checked,,https://data.rbi.org.in/DBIE/,2026-10-07 06:40:15
2025-07-25,698192.4,US$ million,RBI DBIE legacy; WSS overlap checked,,https://data.rbi.org.in/DBIE/,2026-10-07 06:40:15
2025-08-01,688870.9,US$ million,RBI DBIE legacy; WSS overlap checked,,https://data.rbi.org.in/DBIE/,2026-10-07 06:40:15
2025-08-08,693617.8999999999,US$ million,RBI DBIE legacy; WSS overlap checked,,https://data.rbi.org.in/DBIE/,2026-10-07 06:40:15
2025-08-15,695106.1,US$ million,RBI DBIE legacy; WSS overlap checked,,https://data.rbi.org.in/DBIE/,2026-10-07 06:40:15
2025-08-22,690720.4,US$ million,RBI DBIE legacy; WSS overlap checked,,https://data.rbi.org.in/DBIE/,2026-10-07 06:40:15
2025-08-29,694229.9,US$ million,RBI DBIE legacy; WSS overlap checked,,https://data.rbi.org.in/DBIE/,2026-10-07 06:40:15
2025-09-05,698268.2,US$ million,RBI DBIE legacy; WSS overlap checked,,https://data.rbi.org.in/DBIE/,2026-10-07 06:40:15
2025-09-12,702966.2,US$ million,RBI DBIE legacy; WSS overlap checked,,https://data.rbi.org.in/DBIE/,2026-10-07 06:40:15
2025-09-19,702569.8999999999,US$ million,RBI DBIE legacy; WSS overlap checked,,https://data.rbi.org.in/DBIE/,2026-10-07 06:40:15
2025-09-26,700235.9,US$ million,RBI DBIE legacy; WSS overlap checked,,https://data.rbi.org.in/DBIE/,2026-10-07 06:40:15
2025-10-03,699960.2999999999,US$ million,RBI DBIE legacy; WSS overlap checked,,https://data.rbi.org.in/DBIE/,2026-10-07 06:40:15
2025-10-10,697783.8,US$ million,RBI DBIE legacy; WSS overlap checked,,https://data.rbi.org.in/DBIE/,2026-10-07 06:40:15
2025-10-17,702280.0,US$ million,RBI DBIE legacy; WSS overlap checked,,https://data.rbi.org.in/DBIE/,2026-10-07 06:40:15
2025-10-24,695355.4,US$ million,RBI DBIE legacy; WSS overlap checked,,https://data.rbi.org.in/DBIE/,2026-10-07 06:40:15
2025-10-31,689732.8,US$ million,RBI DBIE legacy; WSS overlap checked,,https://data.rbi.org.in/DBIE/,2026-10-07 06:40:15
2025-11-07,687033.5,US$ million,RBI DBIE legacy; WSS overlap checked,,https://data.rbi.org.in/DBIE/,2026-10-07 06:40:15
2025-11-14,692576.5,US$ million,RBI DBIE legacy; WSS overlap checked,,https://data.rbi.org.in/DBIE/,2026-10-07 06:40:15
2025-11-21,688104.2999999999,US$ million,RBI DBIE legacy; WSS overlap checked,,https://data.rbi.org.in/DBIE/,2026-10-07 06:40:15
2025-11-28,686227.1,US$ million,RBI DBIE legacy; WSS overlap checked,,https://data.rbi.org.in/DBIE/,2026-10-07 06:40:15
2025-12-05,687260.4,US$ million,RBI DBIE legacy; WSS overlap checked,,https://data.rbi.org.in/DBIE/,2026-10-07 06:40:15
2025-12-12,688949.4,US$ million,RBI DBIE legacy; WSS overlap checked,,https://data.rbi.org.in/DBIE/,2026-10-07 06:40:15
2025-12-19,693317.7,US$ million,RBI DBIE legacy; WSS overlap checked,,https://data.rbi.org.in/DBIE/,2026-10-07 06:40:15
2025-12-26,696610.4,US$ million,RBI DBIE legacy; WSS overlap checked,,https://data.rbi.org.in/DBIE/,2026-10-07 06:40:15
2026-01-02,686801.0,US$ million,RBI DBIE legacy; WSS overlap checked,,https://data.rbi.org.in/DBIE/,2026-10-07 06:40:15
2026-01-09,687192.6,US$ million,RBI DBIE legacy; WSS overlap checked,,https://data.rbi.org.in/DBIE/,2026-10-07 06:40:15
2026-01-16,701360.0,US$ million,RBI DBIE legacy; WSS overlap checked,,https://data.rbi.org.in/DBIE/,2026-10-07 06:40:15
2026-01-23,709413.1,US$ million,RBI DBIE legacy; WSS overlap checked,,https://data.rbi.org.in/DBIE/,2026-10-07 06:40:15
2026-01-30,723774.5,US$ million,RBI DBIE legacy; WSS overlap checked,,https://data.rbi.org.in/DBIE/,2026-10-07 06:40:15
2026-02-06,717063.8,US$ million,RBI DBIE legacy; WSS overlap checked,,https://data.rbi.org.in/DBIE/,2026-10-07 06:40:15
2026-02-13,725727.0,US$ million,RBI DBIE legacy; WSS overlap checked,,https://data.rbi.org.in/DBIE/,2026-10-07 06:40:15
2026-02-20,723608.3999999999,US$ million,RBI DBIE legacy; WSS overlap checked,,https://data.rbi.org.in/DBIE/,2026-10-07 06:40:15
2026-02-27,728493.7999999999,US$ million,RBI DBIE legacy; WSS overlap checked,,https://data.rbi.org.in/DBIE/,2026-10-07 06:40:15
2026-03-06,716810.5,US$ million,RBI DBIE legacy; WSS overlap checked,,https://data.rbi.org.in/DBIE/,2026-10-07 06:40:15
2026-03-13,709759.0,US$ million,RBI DBIE legacy; WSS overlap checked,,https://data.rbi.org.in/DBIE/,2026-10-07 06:40:15
2026-03-20,698345.9,US$ million,RBI DBIE legacy; WSS overlap checked,,https://data.rbi.org.in/DBIE/,2026-10-07 06:40:15
2026-03-27,688058.1,US$ million,RBI DBIE legacy; WSS overlap checked,,https://data.rbi.org.in/DBIE/,2026-10-07 06:40:15
2026-04-03,697120.7000000001,US$ million,RBI DBIE legacy; WSS overlap checked,,https://data.rbi.org.in/DBIE/,2026-10-07 06:40:15
2026-04-10,700945.6,US$ million,RBI DBIE legacy; WSS overlap checked,,https://data.rbi.org.in/DBIE/,2026-10-07 06:40:15
2026-04-17,703307.5,US$ million,RBI DBIE legacy; WSS overlap checked,,https://data.rbi.org.in/DBIE/,2026-10-07 06:40:15
2026-04-24,698487.1000000001,US$ million,RBI DBIE legacy; WSS overlap checked,,https://data.rbi.org.in/DBIE/,2026-10-07 06:40:15
2026-05-01,690692.9,US$ million,RBI DBIE legacy; WSS overlap checked,,https://data.rbi.org.in/DBIE/,2026-10-07 06:40:15
2026-05-08,696988.3999999999,US$ million,RBI DBIE legacy; WSS overlap checked,,https://data.rbi.org.in/DBIE/,2026-10-07 06:40:15
2026-05-15,688894.4,US$ million,RBI DBIE legacy; WSS overlap checked,,https://data.rbi.org.in/DBIE/,2026-10-07 06:40:15
2026-05-22,681383.5,US$ million,RBI DBIE legacy; WSS overlap checked,,https://data.rbi.org.in/DBIE/,2026-10-07 06:40:15
2026-05-29,682321.2,US$ million,RBI DBIE legacy; WSS overlap checked,,https://data.rbi.org.in/DBIE/,2026-10-07 06:40:15
2026-06-05,681609.7999999999,US$ million,RBI DBIE legacy; WSS overlap checked,,https://data.rbi.org.in/DBIE/,2026-10-07 06:40:15
2026-06-12,671624.6,US$ million,RBI DBIE legacy; WSS overlap checked,,https://data.rbi.org.in/DBIE/,2026-10-07 06:40:15
2026-06-19,672587.4,US$ million,RBI DBIE legacy; WSS overlap checked,,https://data.rbi.org.in/DBIE/,2026-10-07 06:40:15
2026-06-26,666933.0,US$ million,RBI DBIE legacy; WSS overlap checked,,https://data.rbi.org.in/DBIE/,2026-10-07 06:40:15
2026-07-03,674192.7,US$ million,RBI DBIE legacy; WSS overlap checked,,https://data.rbi.org.in/DBIE/,2026-10-07 06:40:15
2026-07-10,675156.8999999999,US$ million,RBI DBIE legacy; WSS overlap checked,,https://data.rbi.org.in/DBIE/,2026-10-07 06:40:15
2026-07-17,676236.8,US$ million,RBI DBIE legacy; WSS overlap checked,,https://data.rbi.org.in/DBIE/,2026-10-07 06:40:15
2026-07-24,682354.5,US$ million,RBI DBIE legacy; WSS overlap checked,,https://data.rbi.org.in/DBIE/,2026-10-07 06:40:15
2026-07-31,692866.0,US$ million,RBI DBIE legacy; WSS overlap checked,,https://data.rbi.org.in/DBIE/,2026-10-07 06:40:15
2026-08-07,707002.0,US$ million,RBI WSS,2026-08-14,https://www.rbi.org.in/Scripts/WSSView.aspx?Id=28639,2026-10-08T17:57:43.258079+00:00
2026-08-14,716907.0,US$ million,RBI WSS,2026-08-21,https://www.rbi.org.in/Scripts/WSSView.aspx?Id=28654,2026-10-08T17:57:44.169757+00:00
2026-08-21,729328.0,US$ million,RBI WSS,2026-08-28,https://www.rbi.org.in/Scripts/WSSView.aspx?Id=28669,2026-10-08T17:57:45.228343+00:00
2026-08-28,740803.0,US$ million,RBI WSS,2026-09-04,https://www.rbi.org.in/Scripts/WSSView.aspx?Id=28684,2026-10-08T17:57:46.390300+00:00
2026-09-04,785706.0,US$ million,RBI WSS,2026-09-11,https://www.rbi.org.in/Scripts/WSSView.aspx?Id=28699,2026-10-08T17:57:47.514956+00:00
2026-09-11,780782.0,US$ million,RBI WSS,2026-09-18,https://www.rbi.org.in/Scripts/WSSView.aspx?Id=28714,2026-10-08T17:57:48.415249+00:00
2026-09-18,765901.0,US$ million,RBI WSS,2026-09-25,https://www.rbi.org.in/Scripts/WSSView.aspx?Id=28729,2026-10-08T17:57:49.536668+00:00
2026-09-25,747557.0,US$ million,RBI WSS,2026-10-02,https://www.rbi.org.in/Scripts/WSSView.aspx?Id=28744,2026-10-08T17:57:50.488717+00:00
