date,call_rate,treps_rate,market_repo_rate,repo_rate,sdf_rate,msf_rate,call_volume_cr,treps_volume_cr,market_repo_volume_cr,net_liquidity_injection_cr,today_net_liquidity_injection_cr,source_unit,release_date,source_url,policy_source_url,fetched_at
2025-10-07,5.35,5.24,5.3,5.5,5.25,5.75,13405.02,392803.3,224481.4,-148045.94,-157087.0,crore,2025-10-08,https://www.rbi.org.in/Scripts/BS_PressReleaseDisplay.aspx?prid=61387,https://www.rbi.org.in/Scripts/BS_PressReleaseDisplay.aspx?prid=61332,2026-10-08T08:17:05.214282+00:00
2025-10-08,5.34,5.27,5.31,5.5,5.25,5.75,15471.12,414362.3,204428.91,-129269.83,-138307.0,crore,2025-10-09,https://www.rbi.org.in/Scripts/BS_PressReleaseDisplay.aspx?prid=61394,https://www.rbi.org.in/Scripts/BS_PressReleaseDisplay.aspx?prid=61332,2026-10-08T08:17:04.187382+00:00
2025-10-09,5.51,5.55,5.51,5.5,5.25,5.75,20823.46,396728.25,228270.71,-155850.34,-164888.0,crore,2025-10-10,https://www.rbi.org.in/Scripts/BS_PressReleaseDisplay.aspx?prid=61401,https://www.rbi.org.in/Scripts/BS_PressReleaseDisplay.aspx?prid=61332,2026-10-08T08:17:03.121981+00:00
2025-10-10,5.58,5.47,5.51,5.5,5.25,5.75,18168.82,404433.8,223416.72,-143999.02,-154213.0,crore,2025-10-13,https://www.rbi.org.in/Scripts/BS_PressReleaseDisplay.aspx?prid=61412,https://www.rbi.org.in/Scripts/BS_PressReleaseDisplay.aspx?prid=61332,2026-10-08T08:17:02.203648+00:00
2025-10-11,,,,5.5,5.25,5.75,0.0,0.0,0.0,-149053.02,-163493.0,crore,2025-10-13,https://www.rbi.org.in/Scripts/BS_PressReleaseDisplay.aspx?prid=61413,https://www.rbi.org.in/Scripts/BS_PressReleaseDisplay.aspx?prid=61332,2026-10-08T08:17:01.199886+00:00
2025-10-12,,,,5.5,5.25,5.75,0.0,0.0,0.0,-155159.02,-169146.0,crore,2025-10-13,https://www.rbi.org.in/Scripts/BS_PressReleaseDisplay.aspx?prid=61414,https://www.rbi.org.in/Scripts/BS_PressReleaseDisplay.aspx?prid=61332,2026-10-08T08:17:00.319085+00:00
2025-10-13,5.47,5.32,5.4,5.5,5.25,5.75,19550.46,441352.0,211580.6,-129743.02,-139957.0,crore,2025-10-14,https://www.rbi.org.in/Scripts/BS_PressReleaseDisplay.aspx?prid=61421,https://www.rbi.org.in/Scripts/BS_PressReleaseDisplay.aspx?prid=61332,2026-10-08T08:16:59.363369+00:00
2025-10-14,5.39,5.27,5.35,5.5,5.25,5.75,15198.66,411573.75,198081.71,-127618.02,-137832.0,crore,2025-10-15,https://www.rbi.org.in/Scripts/BS_PressReleaseDisplay.aspx?prid=61428,https://www.rbi.org.in/Scripts/BS_PressReleaseDisplay.aspx?prid=61332,2026-10-08T08:16:58.425562+00:00
2025-10-15,5.37,5.32,5.35,5.5,5.25,5.75,18944.29,422101.8,199444.67,-130191.02,-140165.0,crore,2025-10-16,https://www.rbi.org.in/Scripts/BS_PressReleaseDisplay.aspx?prid=61437,https://www.rbi.org.in/Scripts/BS_PressReleaseDisplay.aspx?prid=61332,2026-10-08T08:16:57.501718+00:00
2025-10-16,5.4,5.32,5.39,5.5,5.25,5.75,17803.74,436269.35,200957.71,-141132.7,-135320.0,crore,2025-10-17,https://www.rbi.org.in/Scripts/BS_PressReleaseDisplay.aspx?prid=61449,https://www.rbi.org.in/Scripts/BS_PressReleaseDisplay.aspx?prid=61332,2026-10-08T08:16:56.576765+00:00
2025-10-17,5.3,5.44,4.43,5.5,5.25,5.75,2385.55,5214.5,105.78,-98883.21,-109941.0,crore,2025-10-20,https://www.rbi.org.in/Scripts/BS_PressReleaseDisplay.aspx?prid=61461,https://www.rbi.org.in/Scripts/BS_PressReleaseDisplay.aspx?prid=61332,2026-10-08T08:16:55.419816+00:00
2025-10-18,5.06,5.52,5.15,5.5,5.25,5.75,950.4,10249.1,121.78,-43858.21,-55844.0,crore,2025-10-20,https://www.rbi.org.in/Scripts/BS_PressReleaseDisplay.aspx?prid=61463,https://www.rbi.org.in/Scripts/BS_PressReleaseDisplay.aspx?prid=61332,2026-10-08T08:16:54.300365+00:00
2025-10-19,,,,5.5,5.25,5.75,0.0,0.0,0.0,-46446.21,-55949.0,crore,2025-10-20,https://www.rbi.org.in/Scripts/BS_PressReleaseDisplay.aspx?prid=61464,https://www.rbi.org.in/Scripts/BS_PressReleaseDisplay.aspx?prid=61332,2026-10-08T08:16:53.303293+00:00
2025-10-20,5.61,5.44,5.56,5.5,5.25,5.75,11898.9,396644.5,207965.09,70169.79,59112.0,crore,2025-10-23,https://www.rbi.org.in/Scripts/BS_PressReleaseDisplay.aspx?prid=61475,https://www.rbi.org.in/Scripts/BS_PressReleaseDisplay.aspx?prid=61332,2026-10-08T08:16:52.502544+00:00
2025-10-21,,,,5.5,5.25,5.75,0.0,0.0,0.0,61647.79,-109230.0,crore,2025-10-23,https://www.rbi.org.in/Scripts/BS_PressReleaseDisplay.aspx?prid=61477,https://www.rbi.org.in/Scripts/BS_PressReleaseDisplay.aspx?prid=61332,2026-10-08T08:16:51.547914+00:00
2025-10-22,,,,5.5,5.25,5.75,0.0,0.0,0.0,52299.79,-119335.0,crore,2025-10-23,https://www.rbi.org.in/Scripts/BS_PressReleaseDisplay.aspx?prid=61478,https://www.rbi.org.in/Scripts/BS_PressReleaseDisplay.aspx?prid=61332,2026-10-08T08:16:50.661414+00:00
2025-10-23,5.46,5.27,5.44,5.5,5.25,5.75,14926.6,416177.0,213994.89,2645.79,-159525.0,crore,2025-10-24,https://www.rbi.org.in/Scripts/BS_PressReleaseDisplay.aspx?prid=61488,https://www.rbi.org.in/Scripts/BS_PressReleaseDisplay.aspx?prid=61332,2026-10-08T08:16:49.775400+00:00
2025-10-24,5.58,5.52,5.5,5.5,5.25,5.75,18730.15,429330.5,206905.91,-31065.21,-42123.0,crore,2025-10-27,https://www.rbi.org.in/Scripts/BS_PressReleaseDisplay.aspx?prid=61496,https://www.rbi.org.in/Scripts/BS_PressReleaseDisplay.aspx?prid=61332,2026-10-08T08:16:48.864192+00:00
2025-10-25,,,,5.5,5.25,5.75,0.0,0.0,0.0,-26735.21,-64574.0,crore,2025-10-27,https://www.rbi.org.in/Scripts/BS_PressReleaseDisplay.aspx?prid=61499,https://www.rbi.org.in/Scripts/BS_PressReleaseDisplay.aspx?prid=61332,2026-10-08T08:16:48.027415+00:00
2025-10-26,,,,5.5,5.25,5.75,0.0,0.0,0.0,-27548.21,-65659.0,crore,2025-10-27,https://www.rbi.org.in/Scripts/BS_PressReleaseDisplay.aspx?prid=61500,https://www.rbi.org.in/Scripts/BS_PressReleaseDisplay.aspx?prid=61332,2026-10-08T08:16:47.150408+00:00
2025-10-27,5.59,5.5,5.56,5.5,5.25,5.75,16781.31,450356.85,191781.46,20861.79,9804.0,crore,2025-10-28,https://www.rbi.org.in/Scripts/BS_PressReleaseDisplay.aspx?prid=61512,https://www.rbi.org.in/Scripts/BS_PressReleaseDisplay.aspx?prid=61332,2026-10-08T08:16:46.229302+00:00
2025-10-28,5.56,5.41,5.53,5.5,5.25,5.75,19292.87,447488.75,199766.93,8083.79,-3374.0,crore,2025-10-29,https://www.rbi.org.in/Scripts/BS_PressReleaseDisplay.aspx?prid=61518,https://www.rbi.org.in/Scripts/BS_PressReleaseDisplay.aspx?prid=61332,2026-10-08T08:16:45.344320+00:00
2025-10-29,5.56,5.5,5.53,5.5,5.25,5.75,15955.31,452410.8,195725.16,-14590.21,-26108.0,crore,2025-10-30,https://www.rbi.org.in/Scripts/BS_PressReleaseDisplay.aspx?prid=61530,https://www.rbi.org.in/Scripts/BS_PressReleaseDisplay.aspx?prid=61332,2026-10-08T08:16:44.440187+00:00
2025-10-30,5.57,5.47,5.53,5.5,5.25,5.75,16150.2,450202.85,195168.61,-8475.6,-19994.0,crore,2025-10-31,https://www.rbi.org.in/Scripts/BS_PressReleaseDisplay.aspx?prid=61536,https://www.rbi.org.in/Scripts/BS_PressReleaseDisplay.aspx?prid=61332,2026-10-08T08:16:43.343265+00:00
2025-10-31,5.09,5.66,5.17,5.5,5.25,5.75,922.9,8235.5,177.7,-123130.6,-134649.0,crore,2025-11-03,https://www.rbi.org.in/Scripts/BS_PressReleaseDisplay.aspx?prid=61553,https://www.rbi.org.in/Scripts/BS_PressReleaseDisplay.aspx?prid=61332,2026-10-08T08:17:32.998472+00:00
2025-11-01,5.12,5.17,5.51,5.5,5.25,5.75,1552.35,12496.65,3952.11,-108785.6,-122240.0,crore,2025-11-03,https://www.rbi.org.in/Scripts/BS_PressReleaseDisplay.aspx?prid=61554,https://www.rbi.org.in/Scripts/BS_PressReleaseDisplay.aspx?prid=61332,2026-10-08T08:17:32.211129+00:00
2025-11-02,,,,5.5,5.25,5.75,0.0,0.0,0.0,-110604.6,-119446.0,crore,2025-11-03,https://www.rbi.org.in/Scripts/BS_PressReleaseDisplay.aspx?prid=61555,https://www.rbi.org.in/Scripts/BS_PressReleaseDisplay.aspx?prid=61332,2026-10-08T08:17:31.326360+00:00
2025-11-03,5.42,5.2,5.33,5.5,5.25,5.75,15561.66,422753.35,186383.38,-175303.64,-186621.0,crore,2025-11-04,https://www.rbi.org.in/Scripts/BS_PressReleaseDisplay.aspx?prid=61558,https://www.rbi.org.in/Scripts/BS_PressReleaseDisplay.aspx?prid=61332,2026-10-08T08:17:30.483588+00:00
2025-11-04,5.42,5.2,5.24,5.5,5.25,5.75,14653.6,401024.8,202924.14,-208108.64,-219426.0,crore,2025-11-06,https://www.rbi.org.in/Scripts/BS_PressReleaseDisplay.aspx?prid=61568,https://www.rbi.org.in/Scripts/BS_PressReleaseDisplay.aspx?prid=61332,2026-10-08T08:17:29.548776+00:00
2025-11-05,,,,5.5,5.25,5.75,0.0,0.0,0.0,-211563.64,-206337.0,crore,2025-11-06,https://www.rbi.org.in/Scripts/BS_PressReleaseDisplay.aspx?prid=61569,https://www.rbi.org.in/Scripts/BS_PressReleaseDisplay.aspx?prid=61332,2026-10-08T08:17:28.691248+00:00
2025-11-06,5.4,5.13,5.25,5.5,5.25,5.75,17372.09,411200.5,205539.03,-232376.77,-242348.0,crore,2025-11-07,https://www.rbi.org.in/Scripts/BS_PressReleaseDisplay.aspx?prid=61574,https://www.rbi.org.in/Scripts/BS_PressReleaseDisplay.aspx?prid=61332,2026-10-08T08:17:27.738177+00:00
2025-11-07,5.39,5.16,5.25,5.5,5.25,5.75,18977.39,393272.75,202419.44,-240961.09,-250094.0,crore,2025-11-10,https://www.rbi.org.in/Scripts/BS_PressReleaseDisplay.aspx?prid=61590,https://www.rbi.org.in/Scripts/BS_PressReleaseDisplay.aspx?prid=61332,2026-10-08T08:17:26.746842+00:00
2025-11-08,,,,5.5,5.25,5.75,0.0,0.0,0.0,-240975.09,-200125.0,crore,2025-11-10,https://www.rbi.org.in/Scripts/BS_PressReleaseDisplay.aspx?prid=61591,https://www.rbi.org.in/Scripts/BS_PressReleaseDisplay.aspx?prid=61332,2026-10-08T08:17:25.822083+00:00
2025-11-09,,,,5.5,5.25,5.75,0.0,0.0,0.0,-243410.09,-202511.0,crore,2025-11-10,https://www.rbi.org.in/Scripts/BS_PressReleaseDisplay.aspx?prid=61592,https://www.rbi.org.in/Scripts/BS_PressReleaseDisplay.aspx?prid=61332,2026-10-08T08:17:24.880603+00:00
2025-11-10,5.34,5.19,5.27,5.5,5.25,5.75,16498.65,409399.95,208933.06,-201366.09,-210499.0,crore,2025-11-11,https://www.rbi.org.in/Scripts/BS_PressReleaseDisplay.aspx?prid=61598,https://www.rbi.org.in/Scripts/BS_PressReleaseDisplay.aspx?prid=61332,2026-10-08T08:17:23.990233+00:00
2025-11-11,5.34,5.16,5.26,5.5,5.25,5.75,16116.06,414916.45,208612.2,-211058.09,-220351.0,crore,2025-11-12,https://www.rbi.org.in/Scripts/BS_PressReleaseDisplay.aspx?prid=61604,https://www.rbi.org.in/Scripts/BS_PressReleaseDisplay.aspx?prid=61332,2026-10-08T08:17:23.147170+00:00
2025-11-12,5.34,5.16,5.26,5.5,5.25,5.75,16851.58,395862.7,207639.45,-210485.65,-219151.0,crore,2025-11-13,https://www.rbi.org.in/Scripts/BS_PressReleaseDisplay.aspx?prid=61611,https://www.rbi.org.in/Scripts/BS_PressReleaseDisplay.aspx?prid=61332,2026-10-08T08:17:22.002087+00:00
2025-11-13,5.33,5.12,5.25,5.5,5.25,5.75,15670.13,391506.2,205467.52,-240250.86,-248397.0,crore,2025-11-14,https://www.rbi.org.in/Scripts/BS_PressReleaseDisplay.aspx?prid=61616,https://www.rbi.org.in/Scripts/BS_PressReleaseDisplay.aspx?prid=61332,2026-10-08T08:17:21.001115+00:00
2025-11-14,5.07,5.27,4.54,5.5,5.25,5.75,1347.7,2359.55,186.81,-239834.86,-247981.0,crore,2025-11-17,https://www.rbi.org.in/Scripts/BS_PressReleaseDisplay.aspx?prid=61627,https://www.rbi.org.in/Scripts/BS_PressReleaseDisplay.aspx?prid=61332,2026-10-08T08:17:19.482894+00:00
2025-11-15,5.01,5.17,4.47,5.5,5.25,5.75,1226.85,12820.85,939.47,-181055.86,-130828.0,crore,2025-11-17,https://www.rbi.org.in/Scripts/BS_PressReleaseDisplay.aspx?prid=61628,https://www.rbi.org.in/Scripts/BS_PressReleaseDisplay.aspx?prid=61332,2026-10-08T08:17:18.582860+00:00
2025-11-16,,,,5.5,5.25,5.75,0.0,0.0,0.0,-180881.86,-109987.0,crore,2025-11-17,https://www.rbi.org.in/Scripts/BS_PressReleaseDisplay.aspx?prid=61629,https://www.rbi.org.in/Scripts/BS_PressReleaseDisplay.aspx?prid=61332,2026-10-08T08:17:17.550080+00:00
2025-11-17,5.36,5.21,5.3,5.5,5.25,5.75,16220.37,412516.05,205827.74,-187696.86,-195843.0,crore,2025-11-18,https://www.rbi.org.in/Scripts/BS_PressReleaseDisplay.aspx?prid=61639,https://www.rbi.org.in/Scripts/BS_PressReleaseDisplay.aspx?prid=61332,2026-10-08T08:17:16.694328+00:00
2025-11-18,5.37,5.2,5.29,5.5,5.25,5.75,16580.16,422639.95,205324.47,-175107.84,-182913.0,crore,2025-11-19,https://www.rbi.org.in/Scripts/BS_PressReleaseDisplay.aspx?prid=61643,https://www.rbi.org.in/Scripts/BS_PressReleaseDisplay.aspx?prid=61332,2026-10-08T08:17:15.795027+00:00
2025-11-19,5.38,5.2,5.28,5.5,5.25,5.75,16360.95,416205.35,207159.53,-171697.65,-179965.0,crore,2025-11-20,https://www.rbi.org.in/Scripts/BS_PressReleaseDisplay.aspx?prid=61650,https://www.rbi.org.in/Scripts/BS_PressReleaseDisplay.aspx?prid=61332,2026-10-08T08:17:14.842622+00:00
2025-11-20,5.41,5.27,5.36,5.5,5.25,5.75,17968.42,418721.15,208693.44,-156922.65,-165190.0,crore,2025-11-21,https://www.rbi.org.in/Scripts/BS_PressReleaseDisplay.aspx?prid=61658,https://www.rbi.org.in/Scripts/BS_PressReleaseDisplay.aspx?prid=61332,2026-10-08T08:17:13.955489+00:00
2025-11-21,5.52,5.35,5.46,5.5,5.25,5.75,18354.7,429310.5,201107.54,-149046.65,-157314.0,crore,2025-11-24,https://www.rbi.org.in/Scripts/BS_PressReleaseDisplay.aspx?prid=61668,https://www.rbi.org.in/Scripts/BS_PressReleaseDisplay.aspx?prid=61332,2026-10-08T08:17:13.075709+00:00
2025-11-22,,,,5.5,5.25,5.75,0.0,0.0,0.0,-149822.65,-146453.0,crore,2025-11-24,https://www.rbi.org.in/Scripts/BS_PressReleaseDisplay.aspx?prid=61669,https://www.rbi.org.in/Scripts/BS_PressReleaseDisplay.aspx?prid=61332,2026-10-08T08:17:12.210482+00:00
2025-11-23,,,,5.5,5.25,5.75,0.0,0.0,0.0,-150580.65,-147155.0,crore,2025-11-24,https://www.rbi.org.in/Scripts/BS_PressReleaseDisplay.aspx?prid=61670,https://www.rbi.org.in/Scripts/BS_PressReleaseDisplay.aspx?prid=61332,2026-10-08T08:17:11.372263+00:00
2025-11-24,5.52,5.31,5.44,5.5,5.25,5.75,19991.38,451972.35,214835.95,-128123.65,-152754.0,crore,2025-11-25,https://www.rbi.org.in/Scripts/BS_PressReleaseDisplay.aspx?prid=61678,https://www.rbi.org.in/Scripts/BS_PressReleaseDisplay.aspx?prid=61332,2026-10-08T08:17:10.376916+00:00
2025-11-25,5.43,5.25,5.33,5.5,5.25,5.75,18709.12,475781.55,202654.56,-133799.65,-158430.0,crore,2025-11-26,https://www.rbi.org.in/Scripts/BS_PressReleaseDisplay.aspx?prid=61681,https://www.rbi.org.in/Scripts/BS_PressReleaseDisplay.aspx?prid=61332,2026-10-08T08:17:09.413512+00:00
2025-11-26,5.39,5.26,5.32,5.5,5.25,5.75,16851.11,474376.8,198747.08,-114581.65,-139212.0,crore,2025-11-27,https://www.rbi.org.in/Scripts/BS_PressReleaseDisplay.aspx?prid=61687,https://www.rbi.org.in/Scripts/BS_PressReleaseDisplay.aspx?prid=61332,2026-10-08T08:17:07.275454+00:00
2025-11-27,5.4,5.3,5.34,5.5,5.25,5.75,19550.95,442143.8,212880.88,-126829.29,-150588.0,crore,2025-11-28,https://www.rbi.org.in/Scripts/BS_PressReleaseDisplay.aspx?prid=61690,https://www.rbi.org.in/Scripts/BS_PressReleaseDisplay.aspx?prid=61332,2026-10-08T08:17:06.297753+00:00
2025-11-28,5.21,5.4,5.44,5.5,5.25,5.75,1860.0,8879.35,349.74,-174569.64,-184207.0,crore,2025-12-01,https://www.rbi.org.in/Scripts/BS_PressReleaseDisplay.aspx?prid=61708,https://www.rbi.org.in/Scripts/BS_PressReleaseDisplay.aspx?prid=61332,2026-10-08T08:18:04.664738+00:00
2025-11-29,5.25,4.9,5.55,5.5,5.25,5.75,3142.62,11902.95,5837.57,-145474.64,-153056.0,crore,2025-12-01,https://www.rbi.org.in/Scripts/BS_PressReleaseDisplay.aspx?prid=61710,https://www.rbi.org.in/Scripts/BS_PressReleaseDisplay.aspx?prid=61332,2026-10-08T08:18:03.688738+00:00
2025-11-30,,,,5.5,5.25,5.75,0.0,0.0,0.0,-145428.64,-135269.0,crore,2025-12-01,https://www.rbi.org.in/Scripts/BS_PressReleaseDisplay.aspx?prid=61711,https://www.rbi.org.in/Scripts/BS_PressReleaseDisplay.aspx?prid=61332,2026-10-08T08:18:02.658479+00:00
2025-12-01,5.42,5.2,5.37,5.5,5.25,5.75,18280.75,415631.0,222758.12,-258766.64,-268404.0,crore,2025-12-02,https://www.rbi.org.in/Scripts/BS_PressReleaseDisplay.aspx?prid=61722,https://www.rbi.org.in/Scripts/BS_PressReleaseDisplay.aspx?prid=61332,2026-10-08T08:18:01.684344+00:00
2025-12-02,5.34,5.18,5.29,5.5,5.25,5.75,18792.22,417433.3,218770.11,-270902.83,-222246.0,crore,2025-12-03,https://www.rbi.org.in/Scripts/BS_PressReleaseDisplay.aspx?prid=61732,https://www.rbi.org.in/Scripts/BS_PressReleaseDisplay.aspx?prid=61332,2026-10-08T08:18:00.841212+00:00
2025-12-03,5.35,5.17,5.3,5.5,5.25,5.75,18928.82,396732.7,245396.41,-256396.83,-157723.0,crore,2025-12-04,https://www.rbi.org.in/Scripts/BS_PressReleaseDisplay.aspx?prid=61738,https://www.rbi.org.in/Scripts/BS_PressReleaseDisplay.aspx?prid=61332,2026-10-08T08:18:00.019881+00:00
2025-12-04,5.43,5.25,5.38,5.5,5.25,5.75,20174.68,403694.65,213993.12,-266257.83,-217601.0,crore,2025-12-05,https://www.rbi.org.in/Scripts/BS_PressReleaseDisplay.aspx?prid=61747,https://www.rbi.org.in/Scripts/BS_PressReleaseDisplay.aspx?prid=61332,2026-10-08T08:17:59.216024+00:00
2025-12-05,5.12,5.04,4.8,5.25,5.0,5.5,1528.95,3836.65,252.02,-229611.83,-237620.0,crore,2025-12-08,https://www.rbi.org.in/Scripts/BS_PressReleaseDisplay.aspx?prid=61768,https://www.rbi.org.in/Scripts/BS_PressReleaseDisplay.aspx?prid=61749,2026-10-08T08:17:58.365882+00:00
2025-12-06,4.93,5.25,4.83,5.25,5.0,5.5,805.8,19002.1,395.59,-209375.83,-116484.0,crore,2025-12-08,https://www.rbi.org.in/Scripts/BS_PressReleaseDisplay.aspx?prid=61770,https://www.rbi.org.in/Scripts/BS_PressReleaseDisplay.aspx?prid=61749,2026-10-08T08:17:57.332582+00:00
2025-12-07,,,,5.25,5.0,5.5,0.0,0.0,0.0,-215351.83,-120116.0,crore,2025-12-08,https://www.rbi.org.in/Scripts/BS_PressReleaseDisplay.aspx?prid=61771,https://www.rbi.org.in/Scripts/BS_PressReleaseDisplay.aspx?prid=61749,2026-10-08T08:17:56.093482+00:00
2025-12-08,5.19,5.08,5.16,5.25,5.0,5.5,19226.72,435729.3,217829.05,-151357.83,-159366.0,crore,2025-12-09,https://www.rbi.org.in/Scripts/BS_PressReleaseDisplay.aspx?prid=61779,https://www.rbi.org.in/Scripts/BS_PressReleaseDisplay.aspx?prid=61749,2026-10-08T08:17:55.003711+00:00
2025-12-09,5.19,5.09,5.18,5.25,5.0,5.5,21210.13,458259.05,210093.37,-184810.83,-193089.0,crore,2025-12-10,https://www.rbi.org.in/Scripts/BS_PressReleaseDisplay.aspx?prid=61786,https://www.rbi.org.in/Scripts/BS_PressReleaseDisplay.aspx?prid=61749,2026-10-08T08:17:53.809540+00:00
2025-12-10,5.2,5.11,5.17,5.25,5.0,5.5,21047.97,475856.95,213376.01,-166051.19,-175026.0,crore,2025-12-11,https://www.rbi.org.in/Scripts/BS_PressReleaseDisplay.aspx?prid=61793,https://www.rbi.org.in/Scripts/BS_PressReleaseDisplay.aspx?prid=61749,2026-10-08T08:17:52.729804+00:00
2025-12-11,5.2,5.06,5.15,5.25,5.0,5.5,19185.4,471602.5,216721.09,-183719.19,-192694.0,crore,2025-12-12,https://www.rbi.org.in/Scripts/BS_PressReleaseDisplay.aspx?prid=61802,https://www.rbi.org.in/Scripts/BS_PressReleaseDisplay.aspx?prid=61749,2026-10-08T08:17:51.620373+00:00
2025-12-12,5.18,5.01,5.12,5.25,5.0,5.5,16746.03,447405.9,214982.84,-213534.19,-222509.0,crore,2025-12-15,https://www.rbi.org.in/Scripts/BS_PressReleaseDisplay.aspx?prid=61814,https://www.rbi.org.in/Scripts/BS_PressReleaseDisplay.aspx?prid=61749,2026-10-08T08:17:50.515206+00:00
2025-12-13,,,,5.25,5.0,5.5,0.0,0.0,0.0,-185014.19,-166440.0,crore,2025-12-15,https://www.rbi.org.in/Scripts/BS_PressReleaseDisplay.aspx?prid=61816,https://www.rbi.org.in/Scripts/BS_PressReleaseDisplay.aspx?prid=61749,2026-10-08T08:17:49.254340+00:00
2025-12-14,,,,5.25,5.0,5.5,0.0,0.0,0.0,-182755.19,-164386.0,crore,2025-12-15,https://www.rbi.org.in/Scripts/BS_PressReleaseDisplay.aspx?prid=61817,https://www.rbi.org.in/Scripts/BS_PressReleaseDisplay.aspx?prid=61749,2026-10-08T08:17:48.318179+00:00
2025-12-15,5.25,5.09,5.16,5.25,5.0,5.5,22923.06,439057.7,206657.86,-120455.69,-128722.0,crore,2025-12-16,https://www.rbi.org.in/Scripts/BS_PressReleaseDisplay.aspx?prid=61823,https://www.rbi.org.in/Scripts/BS_PressReleaseDisplay.aspx?prid=61749,2026-10-08T08:17:47.308131+00:00
2025-12-16,5.41,5.32,5.36,5.25,5.0,5.5,22735.79,446366.65,211013.88,60787.81,27572.0,crore,2025-12-17,https://www.rbi.org.in/Scripts/BS_PressReleaseDisplay.aspx?prid=61832,https://www.rbi.org.in/Scripts/BS_PressReleaseDisplay.aspx?prid=61749,2026-10-08T08:17:46.171704+00:00
2025-12-17,5.46,5.28,5.32,5.25,5.0,5.5,18160.19,439833.9,205109.38,68586.12,-93475.0,crore,2025-12-18,https://www.rbi.org.in/Scripts/BS_PressReleaseDisplay.aspx?prid=61841,https://www.rbi.org.in/Scripts/BS_PressReleaseDisplay.aspx?prid=61749,2026-10-08T08:17:45.267466+00:00
2025-12-18,5.36,5.15,4.82,5.25,5.0,5.5,16291.54,477284.75,193038.24,29910.12,-82360.0,crore,2025-12-19,https://www.rbi.org.in/Scripts/BS_PressReleaseDisplay.aspx?prid=61850,https://www.rbi.org.in/Scripts/BS_PressReleaseDisplay.aspx?prid=61749,2026-10-08T08:17:44.359916+00:00
2025-12-19,4.87,5.06,4.0,5.25,5.0,5.5,726.5,8267.5,259.6,37409.83,-125397.0,crore,2025-12-22,https://www.rbi.org.in/Scripts/BS_PressReleaseDisplay.aspx?prid=61861,https://www.rbi.org.in/Scripts/BS_PressReleaseDisplay.aspx?prid=61749,2026-10-08T08:17:43.407775+00:00
2025-12-20,4.77,5.07,4.43,5.25,5.0,5.5,704.25,10161.15,1135.02,57018.83,-104278.0,crore,2025-12-22,https://www.rbi.org.in/Scripts/BS_PressReleaseDisplay.aspx?prid=61863,https://www.rbi.org.in/Scripts/BS_PressReleaseDisplay.aspx?prid=61749,2026-10-08T08:17:42.395122+00:00
2025-12-21,,,,5.25,5.0,5.5,0.0,0.0,0.0,57720.83,-92751.0,crore,2025-12-22,https://www.rbi.org.in/Scripts/BS_PressReleaseDisplay.aspx?prid=61864,https://www.rbi.org.in/Scripts/BS_PressReleaseDisplay.aspx?prid=61749,2026-10-08T08:17:41.462507+00:00
2025-12-22,5.38,5.3,5.26,5.25,5.0,5.5,18149.59,503670.6,199071.77,54851.83,-57902.0,crore,2025-12-23,https://www.rbi.org.in/Scripts/BS_PressReleaseDisplay.aspx?prid=61868,https://www.rbi.org.in/Scripts/BS_PressReleaseDisplay.aspx?prid=61749,2026-10-08T08:17:40.651542+00:00
2025-12-23,5.42,5.23,5.34,5.25,5.0,5.5,16171.31,479202.0,210106.69,61636.12,-66653.0,crore,2025-12-24,https://www.rbi.org.in/Scripts/BS_PressReleaseDisplay.aspx?prid=61878,https://www.rbi.org.in/Scripts/BS_PressReleaseDisplay.aspx?prid=61749,2026-10-08T08:17:39.561461+00:00
2025-12-24,5.47,5.31,5.38,5.25,5.0,5.5,17445.39,475553.65,208589.84,81064.77,-32074.0,crore,2025-12-26,https://www.rbi.org.in/Scripts/BS_PressReleaseDisplay.aspx?prid=61887,https://www.rbi.org.in/Scripts/BS_PressReleaseDisplay.aspx?prid=61749,2026-10-08T08:17:38.662538+00:00
2025-12-25,,,,5.25,5.0,5.5,0.0,0.0,0.0,84523.77,-112517.0,crore,2025-12-26,https://www.rbi.org.in/Scripts/BS_PressReleaseDisplay.aspx?prid=61891,https://www.rbi.org.in/Scripts/BS_PressReleaseDisplay.aspx?prid=61749,2026-10-08T08:17:37.896040+00:00
2025-12-26,5.46,5.25,5.4,5.25,5.0,5.5,19903.06,457698.45,193728.87,62673.77,51883.0,crore,2025-12-29,https://www.rbi.org.in/Scripts/BS_PressReleaseDisplay.aspx?prid=61898,https://www.rbi.org.in/Scripts/BS_PressReleaseDisplay.aspx?prid=61749,2026-10-08T08:17:36.995905+00:00
2025-12-27,,,,5.25,5.0,5.5,0.0,0.0,0.0,63982.77,-130591.0,crore,2025-12-29,https://www.rbi.org.in/Scripts/BS_PressReleaseDisplay.aspx?prid=61899,https://www.rbi.org.in/Scripts/BS_PressReleaseDisplay.aspx?prid=61749,2026-10-08T08:17:36.082137+00:00
2025-12-28,,,,5.25,5.0,5.5,0.0,0.0,0.0,62301.77,-132403.0,crore,2025-12-29,https://www.rbi.org.in/Scripts/BS_PressReleaseDisplay.aspx?prid=61900,https://www.rbi.org.in/Scripts/BS_PressReleaseDisplay.aspx?prid=61749,2026-10-08T08:17:35.315799+00:00
2025-12-29,5.48,5.23,5.38,5.25,5.0,5.5,16432.0,464752.0,191598.67,71584.27,-142225.0,crore,2025-12-30,https://www.rbi.org.in/Scripts/BS_PressReleaseDisplay.aspx?prid=61912,https://www.rbi.org.in/Scripts/BS_PressReleaseDisplay.aspx?prid=61749,2026-10-08T08:17:34.477971+00:00
2025-12-30,5.48,5.29,5.44,5.25,5.0,5.5,14769.98,451287.55,176918.62,8603.7,-2184.0,crore,2025-12-31,https://www.rbi.org.in/Scripts/BS_PressReleaseDisplay.aspx?prid=61918,https://www.rbi.org.in/Scripts/BS_PressReleaseDisplay.aspx?prid=61749,2026-10-08T08:17:33.665635+00:00
2025-12-31,5.56,5.33,5.6,5.25,5.0,5.5,9658.66,394577.2,182281.78,-17335.3,-171841.0,crore,2026-01-01,https://www.rbi.org.in/Scripts/BS_PressReleaseDisplay.aspx?prid=61936,https://www.rbi.org.in/Scripts/BS_PressReleaseDisplay.aspx?prid=61749,2026-10-08T08:18:33.787021+00:00
2026-01-01,5.35,5.2,5.32,5.25,5.0,5.5,14118.97,439396.35,190923.76,-23865.3,-34653.0,crore,2026-01-02,https://www.rbi.org.in/Scripts/BS_PressReleaseDisplay.aspx?prid=61945,https://www.rbi.org.in/Scripts/BS_PressReleaseDisplay.aspx?prid=61749,2026-10-08T08:18:32.771072+00:00
2026-01-02,4.93,5.25,5.15,5.25,5.0,5.5,1214.3,6228.5,150.64,-61447.3,-72130.0,crore,2026-01-05,https://www.rbi.org.in/Scripts/BS_PressReleaseDisplay.aspx?prid=61957,https://www.rbi.org.in/Scripts/BS_PressReleaseDisplay.aspx?prid=61749,2026-10-08T08:18:31.786516+00:00
2026-01-03,4.75,5.22,3.89,5.25,5.0,5.5,1065.6,18260.2,146.23,-51338.3,-86931.0,crore,2026-01-05,https://www.rbi.org.in/Scripts/BS_PressReleaseDisplay.aspx?prid=61959,https://www.rbi.org.in/Scripts/BS_PressReleaseDisplay.aspx?prid=61749,2026-10-08T08:18:30.920238+00:00
2026-01-04,,,,5.25,5.0,5.5,0.0,0.0,0.0,-49702.3,-82143.0,crore,2026-01-05,https://www.rbi.org.in/Scripts/BS_PressReleaseDisplay.aspx?prid=61960,https://www.rbi.org.in/Scripts/BS_PressReleaseDisplay.aspx?prid=61749,2026-10-08T08:18:30.027573+00:00
2026-01-05,5.4,5.15,5.32,5.25,5.0,5.5,18787.42,451651.35,197591.86,-64812.3,-101290.0,crore,2026-01-06,https://www.rbi.org.in/Scripts/BS_PressReleaseDisplay.aspx?prid=61976,https://www.rbi.org.in/Scripts/BS_PressReleaseDisplay.aspx?prid=61749,2026-10-08T08:18:28.976108+00:00
2026-01-06,5.31,5.07,5.25,5.25,5.0,5.5,16263.37,462195.55,195043.02,-80134.3,-118082.0,crore,2026-01-07,https://www.rbi.org.in/Scripts/BS_PressReleaseDisplay.aspx?prid=61984,https://www.rbi.org.in/Scripts/BS_PressReleaseDisplay.aspx?prid=61749,2026-10-08T08:18:27.750807+00:00
2026-01-07,5.3,5.19,5.29,5.25,5.0,5.5,18861.41,445876.75,195305.15,-35384.34,-48943.0,crore,2026-01-08,https://www.rbi.org.in/Scripts/BS_PressReleaseDisplay.aspx?prid=61995,https://www.rbi.org.in/Scripts/BS_PressReleaseDisplay.aspx?prid=61749,2026-10-08T08:18:26.909816+00:00
2026-01-08,5.4,5.33,5.4,5.25,5.0,5.5,22210.69,452368.3,193581.8,19309.66,-13405.0,crore,2026-01-09,https://www.rbi.org.in/Scripts/BS_PressReleaseDisplay.aspx?prid=62002,https://www.rbi.org.in/Scripts/BS_PressReleaseDisplay.aspx?prid=61749,2026-10-08T08:18:25.940437+00:00
2026-01-09,5.44,5.2,5.44,5.25,5.0,5.5,18256.21,465773.05,195207.09,-21299.34,-34858.0,crore,2026-01-12,https://www.rbi.org.in/Scripts/BS_PressReleaseDisplay.aspx?prid=62013,https://www.rbi.org.in/Scripts/BS_PressReleaseDisplay.aspx?prid=61749,2026-10-08T08:18:25.047209+00:00
2026-01-10,,,,5.25,5.0,5.5,0.0,0.0,0.0,-27471.34,-139417.0,crore,2026-01-12,https://www.rbi.org.in/Scripts/BS_PressReleaseDisplay.aspx?prid=62014,https://www.rbi.org.in/Scripts/BS_PressReleaseDisplay.aspx?prid=61749,2026-10-08T08:18:24.154362+00:00
2026-01-11,,,,5.25,5.0,5.5,0.0,0.0,0.0,-29872.34,-141108.0,crore,2026-01-12,https://www.rbi.org.in/Scripts/BS_PressReleaseDisplay.aspx?prid=62015,https://www.rbi.org.in/Scripts/BS_PressReleaseDisplay.aspx?prid=61749,2026-10-08T08:18:23.214895+00:00
2026-01-12,5.32,5.06,5.29,5.25,5.0,5.5,16029.49,468466.4,194101.76,-16411.34,-156800.0,crore,2026-01-13,https://www.rbi.org.in/Scripts/BS_PressReleaseDisplay.aspx?prid=62023,https://www.rbi.org.in/Scripts/BS_PressReleaseDisplay.aspx?prid=61749,2026-10-08T08:18:22.361217+00:00
2026-01-13,5.35,5.26,5.33,5.25,5.0,5.5,16979.29,490765.15,197977.92,-100542.34,-113721.0,crore,2026-01-14,https://www.rbi.org.in/Scripts/BS_PressReleaseDisplay.aspx?prid=62031,https://www.rbi.org.in/Scripts/BS_PressReleaseDisplay.aspx?prid=61749,2026-10-08T08:18:21.528330+00:00
2026-01-14,5.39,5.29,5.34,5.25,5.0,5.5,16343.12,464481.15,190595.44,-76438.34,-89617.0,crore,2026-01-16,https://www.rbi.org.in/Scripts/BS_PressReleaseDisplay.aspx?prid=62045,https://www.rbi.org.in/Scripts/BS_PressReleaseDisplay.aspx?prid=61749,2026-10-08T08:18:20.605366+00:00
2026-01-15,,,,5.25,5.0,5.5,0.0,0.0,0.0,-109313.34,-150050.0,crore,2026-01-16,https://www.rbi.org.in/Scripts/BS_PressReleaseDisplay.aspx?prid=62048,https://www.rbi.org.in/Scripts/BS_PressReleaseDisplay.aspx?prid=61749,2026-10-08T08:18:19.665929+00:00
2026-01-16,4.89,5.05,4.42,5.25,5.0,5.5,1001.05,5510.0,254.27,-121502.34,-134681.0,crore,2026-01-19,https://www.rbi.org.in/Scripts/BS_PressReleaseDisplay.aspx?prid=62058,https://www.rbi.org.in/Scripts/BS_PressReleaseDisplay.aspx?prid=61749,2026-10-08T08:18:18.519373+00:00
2026-01-17,4.82,5.11,4.49,5.25,5.0,5.5,802.25,9401.75,246.34,-125440.34,-135402.0,crore,2026-01-19,https://www.rbi.org.in/Scripts/BS_PressReleaseDisplay.aspx?prid=62060,https://www.rbi.org.in/Scripts/BS_PressReleaseDisplay.aspx?prid=61749,2026-10-08T08:18:17.525996+00:00
2026-01-18,,,,5.25,5.0,5.5,0.0,0.0,0.0,-122954.34,-120931.0,crore,2026-01-19,https://www.rbi.org.in/Scripts/BS_PressReleaseDisplay.aspx?prid=62061,https://www.rbi.org.in/Scripts/BS_PressReleaseDisplay.aspx?prid=61749,2026-10-08T08:18:16.704843+00:00
2026-01-19,5.4,5.13,5.27,5.25,5.0,5.5,13619.35,487279.3,193306.51,-81862.34,-95041.0,crore,2026-01-20,https://www.rbi.org.in/Scripts/BS_PressReleaseDisplay.aspx?prid=62066,https://www.rbi.org.in/Scripts/BS_PressReleaseDisplay.aspx?prid=61749,2026-10-08T08:18:14.637581+00:00
2026-01-20,5.42,5.12,5.29,5.25,5.0,5.5,15456.37,469748.15,196598.44,-72130.74,-143424.0,crore,2026-01-21,https://www.rbi.org.in/Scripts/BS_PressReleaseDisplay.aspx?prid=62072,https://www.rbi.org.in/Scripts/BS_PressReleaseDisplay.aspx?prid=61749,2026-10-08T08:18:13.827183+00:00
2026-01-21,5.44,5.27,5.31,5.25,5.0,5.5,18454.62,485016.85,188726.51,6121.05,-65871.0,crore,2026-01-22,https://www.rbi.org.in/Scripts/BS_PressReleaseDisplay.aspx?prid=62080,https://www.rbi.org.in/Scripts/BS_PressReleaseDisplay.aspx?prid=61749,2026-10-08T08:18:13.008109+00:00
2026-01-22,5.52,5.19,5.33,5.25,5.0,5.5,17853.3,492727.9,183521.98,-10169.95,-108697.0,crore,2026-01-23,https://www.rbi.org.in/Scripts/BS_PressReleaseDisplay.aspx?prid=62092,https://www.rbi.org.in/Scripts/BS_PressReleaseDisplay.aspx?prid=61749,2026-10-08T08:18:12.197420+00:00
2026-01-23,5.39,5.11,5.24,5.25,5.0,5.5,15722.95,518956.15,181143.39,-63648.95,-153446.0,crore,2026-01-27,https://www.rbi.org.in/Scripts/BS_PressReleaseDisplay.aspx?prid=62103,https://www.rbi.org.in/Scripts/BS_PressReleaseDisplay.aspx?prid=61749,2026-10-08T08:18:11.353222+00:00
2026-01-24,,,,5.25,5.0,5.5,0.0,0.0,0.0,-50086.95,-136705.0,crore,2026-01-27,https://www.rbi.org.in/Scripts/BS_PressReleaseDisplay.aspx?prid=62104,https://www.rbi.org.in/Scripts/BS_PressReleaseDisplay.aspx?prid=61749,2026-10-08T08:18:10.519758+00:00
2026-01-25,,,,5.25,5.0,5.5,0.0,0.0,0.0,-52052.95,-135881.0,crore,2026-01-27,https://www.rbi.org.in/Scripts/BS_PressReleaseDisplay.aspx?prid=62105,https://www.rbi.org.in/Scripts/BS_PressReleaseDisplay.aspx?prid=61749,2026-10-08T08:18:09.664121+00:00
2026-01-26,,,,5.25,5.0,5.5,0.0,0.0,0.0,-56986.95,-140840.0,crore,2026-01-27,https://www.rbi.org.in/Scripts/BS_PressReleaseDisplay.aspx?prid=62106,https://www.rbi.org.in/Scripts/BS_PressReleaseDisplay.aspx?prid=61749,2026-10-08T08:18:08.804706+00:00
2026-01-27,5.4,5.16,5.18,5.25,5.0,5.5,14136.04,526795.0,192569.49,-83686.95,-123474.0,crore,2026-01-28,https://www.rbi.org.in/Scripts/BS_PressReleaseDisplay.aspx?prid=62116,https://www.rbi.org.in/Scripts/BS_PressReleaseDisplay.aspx?prid=61749,2026-10-08T08:18:07.737069+00:00
2026-01-28,5.26,5.16,5.15,5.25,5.0,5.5,21164.47,536068.95,186185.75,-67707.95,-107495.0,crore,2026-01-29,https://www.rbi.org.in/Scripts/BS_PressReleaseDisplay.aspx?prid=62122,https://www.rbi.org.in/Scripts/BS_PressReleaseDisplay.aspx?prid=61749,2026-10-08T08:18:06.659057+00:00
2026-01-29,5.31,5.27,5.26,5.25,5.0,5.5,19688.01,521347.75,200879.68,-82967.95,-102455.0,crore,2026-01-30,https://www.rbi.org.in/Scripts/BS_PressReleaseDisplay.aspx?prid=62127,https://www.rbi.org.in/Scripts/BS_PressReleaseDisplay.aspx?prid=61749,2026-10-08T08:18:05.632341+00:00
2026-01-30,4.92,4.67,4.63,5.25,5.0,5.5,1251.5,7893.95,250.82,-146350.95,-159603.0,crore,2026-02-02,https://www.rbi.org.in/Scripts/BS_PressReleaseDisplay.aspx?prid=62143,https://www.rbi.org.in/Scripts/BS_PressReleaseDisplay.aspx?prid=61749,2026-10-08T08:19:01.770397+00:00
2026-01-31,5.28,4.43,4.24,5.25,5.0,5.5,3158.15,19183.85,192.93,-184239.95,-329220.0,crore,2026-02-02,https://www.rbi.org.in/Scripts/BS_PressReleaseDisplay.aspx?prid=62144,https://www.rbi.org.in/Scripts/BS_PressReleaseDisplay.aspx?prid=61749,2026-10-08T08:19:00.752345+00:00
2026-02-01,,,,5.25,5.0,5.5,0.0,0.0,0.0,-88641.95,-197747.0,crore,2026-02-02,https://www.rbi.org.in/Scripts/BS_PressReleaseDisplay.aspx?prid=62145,https://www.rbi.org.in/Scripts/BS_PressReleaseDisplay.aspx?prid=61749,2026-10-08T08:18:59.742441+00:00
2026-02-02,5.2,4.57,5.0,5.25,5.0,5.5,14162.12,497242.6,179840.36,-170590.95,-320187.0,crore,2026-02-03,https://www.rbi.org.in/Scripts/BS_PressReleaseDisplay.aspx?prid=62151,https://www.rbi.org.in/Scripts/BS_PressReleaseDisplay.aspx?prid=61749,2026-10-08T08:18:58.697918+00:00
2026-02-03,5.06,4.4,4.67,5.25,5.0,5.5,13967.13,490010.35,170516.89,-216561.59,-363991.0,crore,2026-02-04,https://www.rbi.org.in/Scripts/BS_PressReleaseDisplay.aspx?prid=62154,https://www.rbi.org.in/Scripts/BS_PressReleaseDisplay.aspx?prid=61749,2026-10-08T08:18:57.760339+00:00
2026-02-04,4.98,4.24,4.5,5.25,5.0,5.5,12305.09,468035.05,177676.73,-195988.11,-341537.0,crore,2026-02-05,https://www.rbi.org.in/Scripts/BS_PressReleaseDisplay.aspx?prid=62160,https://www.rbi.org.in/Scripts/BS_PressReleaseDisplay.aspx?prid=61749,2026-10-08T08:18:56.839186+00:00
2026-02-05,5.03,4.3,4.21,5.25,5.0,5.5,14402.18,472526.15,166385.26,-211645.88,-356713.0,crore,2026-02-06,https://www.rbi.org.in/Scripts/BS_PressReleaseDisplay.aspx?prid=62168,https://www.rbi.org.in/Scripts/BS_PressReleaseDisplay.aspx?prid=61749,2026-10-08T08:18:55.969183+00:00
2026-02-06,4.71,4.6,3.66,5.25,5.0,5.5,973.55,2538.0,184.94,-362475.52,-503011.0,crore,2026-02-09,https://www.rbi.org.in/Scripts/BS_PressReleaseDisplay.aspx?prid=62186,https://www.rbi.org.in/Scripts/BS_PressReleaseDisplay.aspx?prid=62169,2026-10-08T08:18:55.025344+00:00
2026-02-07,4.55,4.1,3.36,5.25,5.0,5.5,865.45,7580.9,145.66,-309790.52,-394075.0,crore,2026-02-09,https://www.rbi.org.in/Scripts/BS_PressReleaseDisplay.aspx?prid=62187,https://www.rbi.org.in/Scripts/BS_PressReleaseDisplay.aspx?prid=62169,2026-10-08T08:18:54.080589+00:00
2026-02-08,,,,5.25,5.0,5.5,0.0,0.0,0.0,-297220.52,-365615.0,crore,2026-02-09,https://www.rbi.org.in/Scripts/BS_PressReleaseDisplay.aspx?prid=62188,https://www.rbi.org.in/Scripts/BS_PressReleaseDisplay.aspx?prid=62169,2026-10-08T08:18:53.086385+00:00
2026-02-09,5.03,4.27,4.47,5.25,5.0,5.5,12543.02,473682.45,173065.46,-311005.52,-451271.0,crore,2026-02-10,https://www.rbi.org.in/Scripts/BS_PressReleaseDisplay.aspx?prid=62193,https://www.rbi.org.in/Scripts/BS_PressReleaseDisplay.aspx?prid=62169,2026-10-08T08:18:52.084573+00:00
2026-02-10,5.02,4.4,4.48,5.25,5.0,5.5,11387.69,482804.85,177559.27,-336775.52,-476696.0,crore,2026-02-11,https://www.rbi.org.in/Scripts/BS_PressReleaseDisplay.aspx?prid=62203,https://www.rbi.org.in/Scripts/BS_PressReleaseDisplay.aspx?prid=62169,2026-10-08T08:18:51.167156+00:00
2026-02-11,5.03,4.66,4.67,5.25,5.0,5.5,13945.12,485867.8,165788.61,-286404.21,-423296.0,crore,2026-02-12,https://www.rbi.org.in/Scripts/BS_PressReleaseDisplay.aspx?prid=62210,https://www.rbi.org.in/Scripts/BS_PressReleaseDisplay.aspx?prid=62169,2026-10-08T08:18:50.223072+00:00
2026-02-12,5.04,4.79,4.8,5.25,5.0,5.5,12810.41,484117.55,168514.01,-303147.5,-439387.0,crore,2026-02-13,https://www.rbi.org.in/Scripts/BS_PressReleaseDisplay.aspx?prid=62219,https://www.rbi.org.in/Scripts/BS_PressReleaseDisplay.aspx?prid=62169,2026-10-08T08:18:47.832260+00:00
2026-02-13,5.04,4.86,4.86,5.25,5.0,5.5,13319.43,486262.6,167724.36,-323512.5,-458907.0,crore,2026-02-16,https://www.rbi.org.in/Scripts/BS_PressReleaseDisplay.aspx?prid=62236,https://www.rbi.org.in/Scripts/BS_PressReleaseDisplay.aspx?prid=62169,2026-10-08T08:18:46.846863+00:00
2026-02-14,,,,5.25,5.0,5.5,0.0,0.0,0.0,-318821.5,-370352.0,crore,2026-02-16,https://www.rbi.org.in/Scripts/BS_PressReleaseDisplay.aspx?prid=62237,https://www.rbi.org.in/Scripts/BS_PressReleaseDisplay.aspx?prid=62169,2026-10-08T08:18:45.785648+00:00
2026-02-15,,,,5.25,5.0,5.5,0.0,0.0,0.0,-317603.5,-370909.0,crore,2026-02-16,https://www.rbi.org.in/Scripts/BS_PressReleaseDisplay.aspx?prid=62238,https://www.rbi.org.in/Scripts/BS_PressReleaseDisplay.aspx?prid=62169,2026-10-08T08:18:44.998899+00:00
2026-02-16,5.09,4.84,4.88,5.25,5.0,5.5,16327.67,496434.95,173585.68,-259230.5,-394625.0,crore,2026-02-17,https://www.rbi.org.in/Scripts/BS_PressReleaseDisplay.aspx?prid=62244,https://www.rbi.org.in/Scripts/BS_PressReleaseDisplay.aspx?prid=62169,2026-10-08T08:18:44.203664+00:00
2026-02-17,5.08,4.83,4.9,5.25,5.0,5.5,14237.47,513648.6,162195.24,-262149.66,-395738.0,crore,2026-02-18,https://www.rbi.org.in/Scripts/BS_PressReleaseDisplay.aspx?prid=62249,https://www.rbi.org.in/Scripts/BS_PressReleaseDisplay.aspx?prid=62169,2026-10-08T08:18:43.529689+00:00
2026-02-18,5.07,4.89,4.93,5.25,5.0,5.5,12284.4,481762.25,168069.89,-251864.66,-385078.0,crore,2026-02-20,https://www.rbi.org.in/Scripts/BS_PressReleaseDisplay.aspx?prid=62255,https://www.rbi.org.in/Scripts/BS_PressReleaseDisplay.aspx?prid=62169,2026-10-08T08:18:42.707289+00:00
2026-02-19,,,,5.25,5.0,5.5,0.0,0.0,0.0,-244675.66,-323353.0,crore,2026-02-20,https://www.rbi.org.in/Scripts/BS_PressReleaseDisplay.aspx?prid=62257,https://www.rbi.org.in/Scripts/BS_PressReleaseDisplay.aspx?prid=62169,2026-10-08T08:18:41.996947+00:00
2026-02-20,4.82,4.8,4.24,5.25,5.0,5.5,878.1,3579.9,249.68,-227063.66,-360277.0,crore,2026-02-23,https://www.rbi.org.in/Scripts/BS_PressReleaseDisplay.aspx?prid=62266,https://www.rbi.org.in/Scripts/BS_PressReleaseDisplay.aspx?prid=62169,2026-10-08T08:18:41.083481+00:00
2026-02-21,4.72,4.82,4.69,5.25,5.0,5.5,853.71,11524.8,864.26,-182362.66,-297146.0,crore,2026-02-23,https://www.rbi.org.in/Scripts/BS_PressReleaseDisplay.aspx?prid=62267,https://www.rbi.org.in/Scripts/BS_PressReleaseDisplay.aspx?prid=62169,2026-10-08T08:18:39.114470+00:00
2026-02-22,,,,5.25,5.0,5.5,0.0,0.0,0.0,-173805.66,-251573.0,crore,2026-02-23,https://www.rbi.org.in/Scripts/BS_PressReleaseDisplay.aspx?prid=62268,https://www.rbi.org.in/Scripts/BS_PressReleaseDisplay.aspx?prid=62169,2026-10-08T08:18:38.060001+00:00
2026-02-23,5.11,4.93,4.99,5.25,5.0,5.5,14798.66,492630.95,182003.61,-193169.62,-325614.0,crore,2026-02-24,https://www.rbi.org.in/Scripts/BS_PressReleaseDisplay.aspx?prid=62276,https://www.rbi.org.in/Scripts/BS_PressReleaseDisplay.aspx?prid=62169,2026-10-08T08:18:37.088913+00:00
2026-02-24,5.1,4.89,4.95,5.25,5.0,5.5,11772.12,504977.95,184930.89,-234266.62,-367986.0,crore,2026-02-25,https://www.rbi.org.in/Scripts/BS_PressReleaseDisplay.aspx?prid=62279,https://www.rbi.org.in/Scripts/BS_PressReleaseDisplay.aspx?prid=62169,2026-10-08T08:18:36.309870+00:00
2026-02-25,5.08,4.89,4.93,5.25,5.0,5.5,14941.06,478239.6,189942.2,-225363.62,-359308.0,crore,2026-02-26,https://www.rbi.org.in/Scripts/BS_PressReleaseDisplay.aspx?prid=62287,https://www.rbi.org.in/Scripts/BS_PressReleaseDisplay.aspx?prid=62169,2026-10-08T08:18:35.456568+00:00
2026-02-26,5.08,4.9,4.87,5.25,5.0,5.5,13132.07,464277.75,183308.92,-210914.62,-344859.0,crore,2026-02-27,https://www.rbi.org.in/Scripts/BS_PressReleaseDisplay.aspx?prid=62296,https://www.rbi.org.in/Scripts/BS_PressReleaseDisplay.aspx?prid=62169,2026-10-08T08:18:34.634576+00:00
2026-02-27,5.11,4.93,4.92,5.25,5.0,5.5,13608.21,436582.7,184586.24,-290707.62,-424652.0,crore,2026-03-02,https://www.rbi.org.in/Scripts/BS_PressReleaseDisplay.aspx?prid=62310,https://www.rbi.org.in/Scripts/BS_PressReleaseDisplay.aspx?prid=62169,2026-10-08T08:19:39.959519+00:00
2026-02-28,,,,5.25,5.0,5.5,0.0,0.0,0.0,-283792.62,-373061.0,crore,2026-03-02,https://www.rbi.org.in/Scripts/BS_PressReleaseDisplay.aspx?prid=62312,https://www.rbi.org.in/Scripts/BS_PressReleaseDisplay.aspx?prid=62169,2026-10-08T08:19:38.968473+00:00
2026-03-01,,,,5.25,5.0,5.5,0.0,0.0,0.0,-212621.62,-299653.0,crore,2026-03-02,https://www.rbi.org.in/Scripts/BS_PressReleaseDisplay.aspx?prid=62313,https://www.rbi.org.in/Scripts/BS_PressReleaseDisplay.aspx?prid=62169,2026-10-08T08:19:37.653735+00:00
2026-03-02,5.09,4.87,4.97,5.25,5.0,5.5,9186.38,448917.5,184986.55,-264926.62,-388871.0,crore,2026-03-04,https://www.rbi.org.in/Scripts/BS_PressReleaseDisplay.aspx?prid=62322,https://www.rbi.org.in/Scripts/BS_PressReleaseDisplay.aspx?prid=62169,2026-10-08T08:19:35.250550+00:00
2026-03-03,,,,5.25,5.0,5.5,0.0,0.0,0.0,-271940.62,-329504.0,crore,2026-03-04,https://www.rbi.org.in/Scripts/BS_PressReleaseDisplay.aspx?prid=62323,https://www.rbi.org.in/Scripts/BS_PressReleaseDisplay.aspx?prid=62169,2026-10-08T08:19:33.456852+00:00
2026-03-04,5.11,4.85,4.97,5.25,5.0,5.5,10966.48,468028.85,190393.42,-267459.62,-391404.0,crore,2026-03-05,https://www.rbi.org.in/Scripts/BS_PressReleaseDisplay.aspx?prid=62327,https://www.rbi.org.in/Scripts/BS_PressReleaseDisplay.aspx?prid=62169,2026-10-08T08:19:30.416205+00:00
2026-03-05,5.06,4.79,4.93,5.25,5.0,5.5,13729.4,468130.95,192780.3,-302439.62,-426384.0,crore,2026-03-06,https://www.rbi.org.in/Scripts/BS_PressReleaseDisplay.aspx?prid=62335,https://www.rbi.org.in/Scripts/BS_PressReleaseDisplay.aspx?prid=62169,2026-10-08T08:19:29.405941+00:00
2026-03-06,4.78,4.99,4.25,5.25,5.0,5.5,1212.1,6157.0,149.4,-290992.62,-414937.0,crore,2026-03-09,https://www.rbi.org.in/Scripts/BS_PressReleaseDisplay.aspx?prid=62347,https://www.rbi.org.in/Scripts/BS_PressReleaseDisplay.aspx?prid=62169,2026-10-08T08:19:27.449747+00:00
2026-03-07,4.76,4.9,5.08,5.25,5.0,5.5,1070.7,8589.5,4371.47,-247278.62,-338238.0,crore,2026-03-09,https://www.rbi.org.in/Scripts/BS_PressReleaseDisplay.aspx?prid=62348,https://www.rbi.org.in/Scripts/BS_PressReleaseDisplay.aspx?prid=62169,2026-10-08T08:19:26.530056+00:00
2026-03-08,,,,5.25,5.0,5.5,0.0,0.0,0.0,-241177.62,-298377.0,crore,2026-03-09,https://www.rbi.org.in/Scripts/BS_PressReleaseDisplay.aspx?prid=62349,https://www.rbi.org.in/Scripts/BS_PressReleaseDisplay.aspx?prid=62169,2026-10-08T08:19:25.745448+00:00
2026-03-09,5.07,4.86,4.56,5.25,5.0,5.5,15621.99,473222.2,192057.1,-219106.62,-343051.0,crore,2026-03-10,https://www.rbi.org.in/Scripts/BS_PressReleaseDisplay.aspx?prid=62354,https://www.rbi.org.in/Scripts/BS_PressReleaseDisplay.aspx?prid=62169,2026-10-08T08:19:24.828650+00:00
2026-03-10,5.07,4.8,4.84,5.25,5.0,5.5,15009.45,488828.15,194428.04,-274311.28,-398077.0,crore,2026-03-11,https://www.rbi.org.in/Scripts/BS_PressReleaseDisplay.aspx?prid=62361,https://www.rbi.org.in/Scripts/BS_PressReleaseDisplay.aspx?prid=62169,2026-10-08T08:19:23.980936+00:00
2026-03-11,5.08,4.8,4.88,5.25,5.0,5.5,16993.21,465898.5,188881.97,-239896.95,-362818.0,crore,2026-03-12,https://www.rbi.org.in/Scripts/BS_PressReleaseDisplay.aspx?prid=62370,https://www.rbi.org.in/Scripts/BS_PressReleaseDisplay.aspx?prid=62169,2026-10-08T08:19:21.913022+00:00
2026-03-12,5.07,4.79,4.84,5.25,5.0,5.5,17450.01,460731.0,190526.81,-248500.95,-371422.0,crore,2026-03-13,https://www.rbi.org.in/Scripts/BS_PressReleaseDisplay.aspx?prid=62375,https://www.rbi.org.in/Scripts/BS_PressReleaseDisplay.aspx?prid=62169,2026-10-08T08:19:20.911561+00:00
2026-03-13,5.1,5.04,5.01,5.25,5.0,5.5,20426.88,458686.8,192821.85,-213386.61,-336842.0,crore,2026-03-16,https://www.rbi.org.in/Scripts/BS_PressReleaseDisplay.aspx?prid=62383,https://www.rbi.org.in/Scripts/BS_PressReleaseDisplay.aspx?prid=62169,2026-10-08T08:19:19.840411+00:00
2026-03-14,,,,5.25,5.0,5.5,0.0,0.0,0.0,-209802.61,-313714.0,crore,2026-03-16,https://www.rbi.org.in/Scripts/BS_PressReleaseDisplay.aspx?prid=62384,https://www.rbi.org.in/Scripts/BS_PressReleaseDisplay.aspx?prid=62169,2026-10-08T08:19:18.705220+00:00
2026-03-15,,,,5.25,5.0,5.5,0.0,0.0,0.0,-208218.61,-312988.0,crore,2026-03-16,https://www.rbi.org.in/Scripts/BS_PressReleaseDisplay.aspx?prid=62385,https://www.rbi.org.in/Scripts/BS_PressReleaseDisplay.aspx?prid=62169,2026-10-08T08:19:17.799191+00:00
2026-03-16,5.31,5.18,5.19,5.25,5.0,5.5,24016.9,492772.0,190256.26,-75483.63,-198122.0,crore,2026-03-17,https://www.rbi.org.in/Scripts/BS_PressReleaseDisplay.aspx?prid=62389,https://www.rbi.org.in/Scripts/BS_PressReleaseDisplay.aspx?prid=62169,2026-10-08T08:19:16.453601+00:00
2026-03-17,5.28,5.04,5.18,5.25,5.0,5.5,28424.67,494276.15,183833.5,-81963.69,-207252.0,crore,2026-03-18,https://www.rbi.org.in/Scripts/BS_PressReleaseDisplay.aspx?prid=62394,https://www.rbi.org.in/Scripts/BS_PressReleaseDisplay.aspx?prid=62169,2026-10-08T08:19:15.648493+00:00
2026-03-18,5.29,5.17,5.12,5.25,5.0,5.5,19012.52,479785.9,185865.2,-27397.36,-201266.0,crore,2026-03-20,https://www.rbi.org.in/Scripts/BS_PressReleaseDisplay.aspx?prid=62405,https://www.rbi.org.in/Scripts/BS_PressReleaseDisplay.aspx?prid=62169,2026-10-08T08:19:14.716550+00:00
2026-03-19,,,,5.25,5.0,5.5,0.0,0.0,0.0,-16875.36,-186539.0,crore,2026-03-20,https://www.rbi.org.in/Scripts/BS_PressReleaseDisplay.aspx?prid=62407,https://www.rbi.org.in/Scripts/BS_PressReleaseDisplay.aspx?prid=62169,2026-10-08T08:19:13.792347+00:00
2026-03-20,5.34,5.31,5.26,5.25,5.0,5.5,17022.04,473087.2,194017.94,6225.64,-167643.0,crore,2026-03-23,https://www.rbi.org.in/Scripts/BS_PressReleaseDisplay.aspx?prid=62417,https://www.rbi.org.in/Scripts/BS_PressReleaseDisplay.aspx?prid=62169,2026-10-08T08:19:12.779646+00:00
2026-03-21,,,,5.25,5.0,5.5,0.0,0.0,0.0,65935.64,-126532.0,crore,2026-03-23,https://www.rbi.org.in/Scripts/BS_PressReleaseDisplay.aspx?prid=62419,https://www.rbi.org.in/Scripts/BS_PressReleaseDisplay.aspx?prid=62169,2026-10-08T08:19:11.764598+00:00
2026-03-22,,,,5.25,5.0,5.5,0.0,0.0,0.0,65395.64,-131971.0,crore,2026-03-23,https://www.rbi.org.in/Scripts/BS_PressReleaseDisplay.aspx?prid=62420,https://www.rbi.org.in/Scripts/BS_PressReleaseDisplay.aspx?prid=62169,2026-10-08T08:19:09.539074+00:00
2026-03-23,5.3,5.18,5.29,5.25,5.0,5.5,16602.0,466924.8,187258.56,-26196.36,-200065.0,crore,2026-03-24,https://www.rbi.org.in/Scripts/BS_PressReleaseDisplay.aspx?prid=62431,https://www.rbi.org.in/Scripts/BS_PressReleaseDisplay.aspx?prid=62169,2026-10-08T08:19:08.486279+00:00
2026-03-24,5.32,5.14,5.25,5.25,5.0,5.5,22284.47,485290.0,181604.65,-61628.57,-189816.0,crore,2026-03-25,https://www.rbi.org.in/Scripts/BS_PressReleaseDisplay.aspx?prid=62437,https://www.rbi.org.in/Scripts/BS_PressReleaseDisplay.aspx?prid=62169,2026-10-08T08:19:07.603437+00:00
2026-03-25,5.3,5.22,5.23,5.25,5.0,5.5,13511.07,470213.65,187269.41,-43217.38,-227289.0,crore,2026-03-27,https://www.rbi.org.in/Scripts/BS_PressReleaseDisplay.aspx?prid=62444,https://www.rbi.org.in/Scripts/BS_PressReleaseDisplay.aspx?prid=62169,2026-10-08T08:19:06.657054+00:00
2026-03-26,,,,5.25,5.0,5.5,0.0,0.0,0.0,-48698.38,-219855.0,crore,2026-03-27,https://www.rbi.org.in/Scripts/BS_PressReleaseDisplay.aspx?prid=62446,https://www.rbi.org.in/Scripts/BS_PressReleaseDisplay.aspx?prid=62169,2026-10-08T08:19:05.760261+00:00
2026-03-27,5.46,5.44,5.43,5.25,5.0,5.5,15380.11,475422.9,186023.49,-114350.91,-242376.0,crore,2026-03-30,https://www.rbi.org.in/Scripts/BS_PressReleaseDisplay.aspx?prid=62460,https://www.rbi.org.in/Scripts/BS_PressReleaseDisplay.aspx?prid=62169,2026-10-08T08:19:04.818194+00:00
2026-03-28,,,,5.25,5.0,5.5,0.0,0.0,0.0,-127027.91,-303517.0,crore,2026-03-30,https://www.rbi.org.in/Scripts/BS_PressReleaseDisplay.aspx?prid=62462,https://www.rbi.org.in/Scripts/BS_PressReleaseDisplay.aspx?prid=62169,2026-10-08T08:19:03.792995+00:00
2026-03-29,,,,5.25,5.0,5.5,0.0,0.0,0.0,-127343.91,-300620.0,crore,2026-03-30,https://www.rbi.org.in/Scripts/BS_PressReleaseDisplay.aspx?prid=62463,https://www.rbi.org.in/Scripts/BS_PressReleaseDisplay.aspx?prid=62169,2026-10-08T08:19:02.780473+00:00
2026-03-30,6.9,6.16,6.57,5.25,5.0,5.5,7400.56,403225.2,170597.11,-245160.86,-439528.0,crore,2026-04-01,https://www.rbi.org.in/Scripts/BS_PressReleaseDisplay.aspx?prid=62479,https://www.rbi.org.in/Scripts/BS_PressReleaseDisplay.aspx?prid=62169,2026-10-08T08:20:15.256113+00:00
2026-03-31,,,,5.25,5.0,5.5,0.0,0.0,0.0,-309219.86,-585965.0,crore,2026-04-02,https://www.rbi.org.in/Scripts/BS_PressReleaseDisplay.aspx?prid=62487,https://www.rbi.org.in/Scripts/BS_PressReleaseDisplay.aspx?prid=62169,2026-10-08T08:20:14.234997+00:00
2026-04-01,,,,5.25,5.0,5.5,0.0,0.0,0.0,-184554.86,-445782.0,crore,2026-04-02,https://www.rbi.org.in/Scripts/BS_PressReleaseDisplay.aspx?prid=62486,https://www.rbi.org.in/Scripts/BS_PressReleaseDisplay.aspx?prid=62169,2026-10-08T08:20:13.302188+00:00
2026-04-02,4.78,4.92,4.5,5.25,5.0,5.5,1125.9,6242.9,120.0,-364445.86,-493491.0,crore,2026-04-06,https://www.rbi.org.in/Scripts/BS_PressReleaseDisplay.aspx?prid=62499,https://www.rbi.org.in/Scripts/BS_PressReleaseDisplay.aspx?prid=62169,2026-10-08T08:20:12.469693+00:00
2026-04-03,,,,5.25,5.0,5.5,0.0,0.0,0.0,-347833.86,-401865.0,crore,2026-04-06,https://www.rbi.org.in/Scripts/BS_PressReleaseDisplay.aspx?prid=62500,https://www.rbi.org.in/Scripts/BS_PressReleaseDisplay.aspx?prid=62169,2026-10-08T08:20:11.146851+00:00
2026-04-04,4.78,4.38,3.96,5.25,5.0,5.5,3317.75,29974.7,328.93,-371576.86,-447479.0,crore,2026-04-06,https://www.rbi.org.in/Scripts/BS_PressReleaseDisplay.aspx?prid=62501,https://www.rbi.org.in/Scripts/BS_PressReleaseDisplay.aspx?prid=62169,2026-10-08T08:20:10.076882+00:00
2026-04-05,,,,5.25,5.0,5.5,0.0,0.0,0.0,-367957.86,-415637.0,crore,2026-04-06,https://www.rbi.org.in/Scripts/BS_PressReleaseDisplay.aspx?prid=62502,https://www.rbi.org.in/Scripts/BS_PressReleaseDisplay.aspx?prid=62169,2026-10-08T08:20:06.654971+00:00
2026-04-06,5.08,4.78,4.75,5.25,5.0,5.5,20358.41,413531.45,185763.76,-395330.86,-524376.0,crore,2026-04-07,https://www.rbi.org.in/Scripts/BS_PressReleaseDisplay.aspx?prid=62510,https://www.rbi.org.in/Scripts/BS_PressReleaseDisplay.aspx?prid=62169,2026-10-08T08:20:05.594466+00:00
2026-04-07,5.09,4.83,4.67,5.25,5.0,5.5,19769.57,394035.2,190711.69,-401801.71,-523444.0,crore,2026-04-08,https://www.rbi.org.in/Scripts/BS_PressReleaseDisplay.aspx?prid=62513,https://www.rbi.org.in/Scripts/BS_PressReleaseDisplay.aspx?prid=62169,2026-10-08T08:20:04.448391+00:00
2026-04-08,5.08,4.88,4.56,5.25,5.0,5.5,15671.45,409881.5,181754.0,-457389.26,-577620.0,crore,2026-04-09,https://www.rbi.org.in/Scripts/BS_PressReleaseDisplay.aspx?prid=62527,https://www.rbi.org.in/Scripts/BS_PressReleaseDisplay.aspx?prid=62514,2026-10-08T08:20:03.337962+00:00
2026-04-09,5.08,4.81,4.63,5.25,5.0,5.5,17673.47,411852.85,181271.45,-455354.26,-559625.0,crore,2026-04-10,https://www.rbi.org.in/Scripts/BS_PressReleaseDisplay.aspx?prid=62536,https://www.rbi.org.in/Scripts/BS_PressReleaseDisplay.aspx?prid=62514,2026-10-08T08:20:02.395736+00:00
2026-04-10,5.05,4.79,4.55,5.25,5.0,5.5,15647.29,406136.05,181748.9,-554023.26,-640692.0,crore,2026-04-13,https://www.rbi.org.in/Scripts/BS_PressReleaseDisplay.aspx?prid=62550,https://www.rbi.org.in/Scripts/BS_PressReleaseDisplay.aspx?prid=62514,2026-10-08T08:20:01.392147+00:00
2026-04-11,,,,5.25,5.0,5.5,0.0,0.0,0.0,-554842.26,-395370.0,crore,2026-04-13,https://www.rbi.org.in/Scripts/BS_PressReleaseDisplay.aspx?prid=62551,https://www.rbi.org.in/Scripts/BS_PressReleaseDisplay.aspx?prid=62514,2026-10-08T08:20:00.327179+00:00
2026-04-12,,,,5.25,5.0,5.5,0.0,0.0,0.0,-554796.26,-391334.0,crore,2026-04-13,https://www.rbi.org.in/Scripts/BS_PressReleaseDisplay.aspx?prid=62552,https://www.rbi.org.in/Scripts/BS_PressReleaseDisplay.aspx?prid=62514,2026-10-08T08:19:59.321490+00:00
2026-04-13,5.04,4.82,4.86,5.25,5.0,5.5,15930.86,406057.15,167761.39,-524481.26,-411109.0,crore,2026-04-15,https://www.rbi.org.in/Scripts/BS_PressReleaseDisplay.aspx?prid=62560,https://www.rbi.org.in/Scripts/BS_PressReleaseDisplay.aspx?prid=62514,2026-10-08T08:19:58.423002+00:00
2026-04-14,,,,5.25,5.0,5.5,0.0,0.0,0.0,-513352.26,-377457.0,crore,2026-04-15,https://www.rbi.org.in/Scripts/BS_PressReleaseDisplay.aspx?prid=62562,https://www.rbi.org.in/Scripts/BS_PressReleaseDisplay.aspx?prid=62514,2026-10-08T08:19:57.447837+00:00
2026-04-15,5.08,4.78,4.77,5.25,5.0,5.5,15904.38,446083.05,169708.93,-521472.11,-408100.0,crore,2026-04-16,https://www.rbi.org.in/Scripts/BS_PressReleaseDisplay.aspx?prid=62567,https://www.rbi.org.in/Scripts/BS_PressReleaseDisplay.aspx?prid=62514,2026-10-08T08:19:56.298663+00:00
2026-04-16,5.09,4.78,4.77,5.25,5.0,5.5,20514.62,438246.95,169033.99,-409493.86,-295550.0,crore,2026-04-17,https://www.rbi.org.in/Scripts/BS_PressReleaseDisplay.aspx?prid=62572,https://www.rbi.org.in/Scripts/BS_PressReleaseDisplay.aspx?prid=62514,2026-10-08T08:19:55.377796+00:00
2026-04-17,4.85,4.94,4.19,5.25,5.0,5.5,973.55,8757.95,265.7,-442385.11,-493002.0,crore,2026-04-20,https://www.rbi.org.in/Scripts/BS_PressReleaseDisplay.aspx?prid=62582,https://www.rbi.org.in/Scripts/BS_PressReleaseDisplay.aspx?prid=62514,2026-10-08T08:19:54.431324+00:00
2026-04-18,4.5,4.77,4.2,5.25,5.0,5.5,624.85,13436.75,1754.57,-425254.11,-263795.0,crore,2026-04-20,https://www.rbi.org.in/Scripts/BS_PressReleaseDisplay.aspx?prid=62584,https://www.rbi.org.in/Scripts/BS_PressReleaseDisplay.aspx?prid=62514,2026-10-08T08:19:53.583419+00:00
2026-04-19,,,,5.25,5.0,5.5,0.0,0.0,0.0,-427698.11,-242728.0,crore,2026-04-20,https://www.rbi.org.in/Scripts/BS_PressReleaseDisplay.aspx?prid=62585,https://www.rbi.org.in/Scripts/BS_PressReleaseDisplay.aspx?prid=62514,2026-10-08T08:19:52.725303+00:00
2026-04-20,5.11,4.95,4.94,5.25,5.0,5.5,21383.59,467447.1,169044.62,-406675.11,-257261.0,crore,2026-04-21,https://www.rbi.org.in/Scripts/BS_PressReleaseDisplay.aspx?prid=62591,https://www.rbi.org.in/Scripts/BS_PressReleaseDisplay.aspx?prid=62514,2026-10-08T08:19:51.820477+00:00
2026-04-21,5.16,5.06,5.02,5.25,5.0,5.5,25250.14,479423.75,169992.64,-328005.11,-178591.0,crore,2026-04-22,https://www.rbi.org.in/Scripts/BS_PressReleaseDisplay.aspx?prid=62595,https://www.rbi.org.in/Scripts/BS_PressReleaseDisplay.aspx?prid=62514,2026-10-08T08:19:50.750420+00:00
2026-04-22,5.34,5.14,5.13,5.25,5.0,5.5,23222.17,472598.1,168294.99,-330024.11,-180610.0,crore,2026-04-23,https://www.rbi.org.in/Scripts/BS_PressReleaseDisplay.aspx?prid=62604,https://www.rbi.org.in/Scripts/BS_PressReleaseDisplay.aspx?prid=62514,2026-10-08T08:19:49.881362+00:00
2026-04-23,5.25,5.12,5.1,5.25,5.0,5.5,25006.16,486312.8,164476.01,-298516.11,-149277.0,crore,2026-04-24,https://www.rbi.org.in/Scripts/BS_PressReleaseDisplay.aspx?prid=62611,https://www.rbi.org.in/Scripts/BS_PressReleaseDisplay.aspx?prid=62514,2026-10-08T08:19:48.877618+00:00
2026-04-24,5.11,5.03,5.0,5.25,5.0,5.5,24046.42,493660.35,179351.58,-295460.11,-346252.0,crore,2026-04-27,https://www.rbi.org.in/Scripts/BS_PressReleaseDisplay.aspx?prid=62624,https://www.rbi.org.in/Scripts/BS_PressReleaseDisplay.aspx?prid=62514,2026-10-08T08:19:47.912192+00:00
2026-04-25,,,,5.25,5.0,5.5,0.0,0.0,0.0,-289962.11,-313689.0,crore,2026-04-27,https://www.rbi.org.in/Scripts/BS_PressReleaseDisplay.aspx?prid=62625,https://www.rbi.org.in/Scripts/BS_PressReleaseDisplay.aspx?prid=62514,2026-10-08T08:19:46.910122+00:00
2026-04-26,,,,5.25,5.0,5.5,0.0,0.0,0.0,-291505.11,-315324.0,crore,2026-04-27,https://www.rbi.org.in/Scripts/BS_PressReleaseDisplay.aspx?prid=62626,https://www.rbi.org.in/Scripts/BS_PressReleaseDisplay.aspx?prid=62514,2026-10-08T08:19:45.355198+00:00
2026-04-27,5.11,5.02,4.97,5.25,5.0,5.5,25815.11,502630.55,175151.59,-274925.11,-325717.0,crore,2026-04-28,https://www.rbi.org.in/Scripts/BS_PressReleaseDisplay.aspx?prid=62634,https://www.rbi.org.in/Scripts/BS_PressReleaseDisplay.aspx?prid=62514,2026-10-08T08:19:44.344704+00:00
2026-04-28,5.16,5.05,5.02,5.25,5.0,5.5,23211.77,513159.65,175535.41,-257527.18,-307587.0,crore,2026-04-29,https://www.rbi.org.in/Scripts/BS_PressReleaseDisplay.aspx?prid=62640,https://www.rbi.org.in/Scripts/BS_PressReleaseDisplay.aspx?prid=62514,2026-10-08T08:19:43.193755+00:00
2026-04-29,5.16,5.08,5.05,5.25,5.0,5.5,22935.99,520850.2,175000.94,-214681.8,-265146.0,crore,2026-04-30,https://www.rbi.org.in/Scripts/BS_PressReleaseDisplay.aspx?prid=62654,https://www.rbi.org.in/Scripts/BS_PressReleaseDisplay.aspx?prid=62514,2026-10-08T08:19:42.331655+00:00
2026-04-30,5.01,5.3,,5.25,5.0,5.5,1583.15,7955.55,0.0,-258014.8,-266675.0,crore,2026-05-04,https://www.rbi.org.in/Scripts/BS_PressReleaseDisplay.aspx?prid=62671,https://www.rbi.org.in/Scripts/BS_PressReleaseDisplay.aspx?prid=62514,2026-10-08T08:20:48.741756+00:00
2026-05-01,,,,5.25,5.0,5.5,0.0,0.0,0.0,-171863.8,-210468.0,crore,2026-05-04,https://www.rbi.org.in/Scripts/BS_PressReleaseDisplay.aspx?prid=62672,https://www.rbi.org.in/Scripts/BS_PressReleaseDisplay.aspx?prid=62514,2026-10-08T08:20:47.899323+00:00
2026-05-02,4.92,4.81,4.39,5.25,5.0,5.5,1810.55,18350.7,1636.38,-205495.8,-246497.0,crore,2026-05-04,https://www.rbi.org.in/Scripts/BS_PressReleaseDisplay.aspx?prid=62673,https://www.rbi.org.in/Scripts/BS_PressReleaseDisplay.aspx?prid=62514,2026-10-08T08:20:47.093314+00:00
2026-05-03,,,,5.25,5.0,5.5,0.0,0.0,0.0,-202605.8,-222257.0,crore,2026-05-04,https://www.rbi.org.in/Scripts/BS_PressReleaseDisplay.aspx?prid=62674,https://www.rbi.org.in/Scripts/BS_PressReleaseDisplay.aspx?prid=62514,2026-10-08T08:20:46.205879+00:00
2026-05-04,5.17,5.03,4.98,5.25,5.0,5.5,14949.06,484941.55,173323.22,-256668.8,-265329.0,crore,2026-05-05,https://www.rbi.org.in/Scripts/BS_PressReleaseDisplay.aspx?prid=62683,https://www.rbi.org.in/Scripts/BS_PressReleaseDisplay.aspx?prid=62514,2026-10-08T08:20:45.098379+00:00
2026-05-05,5.17,5.03,5.01,5.25,5.0,5.5,16761.65,470329.8,174328.55,-280280.8,-288936.0,crore,2026-05-06,https://www.rbi.org.in/Scripts/BS_PressReleaseDisplay.aspx?prid=62687,https://www.rbi.org.in/Scripts/BS_PressReleaseDisplay.aspx?prid=62514,2026-10-08T08:20:44.121602+00:00
2026-05-06,5.17,5.06,5.01,5.25,5.0,5.5,15664.83,494924.25,173385.24,-265197.9,-272499.0,crore,2026-05-07,https://www.rbi.org.in/Scripts/BS_PressReleaseDisplay.aspx?prid=62693,https://www.rbi.org.in/Scripts/BS_PressReleaseDisplay.aspx?prid=62514,2026-10-08T08:20:42.915360+00:00
2026-05-07,5.18,5.08,5.03,5.25,5.0,5.5,17069.33,485308.0,176742.02,-237194.57,-245807.0,crore,2026-05-08,https://www.rbi.org.in/Scripts/BS_PressReleaseDisplay.aspx?prid=62698,https://www.rbi.org.in/Scripts/BS_PressReleaseDisplay.aspx?prid=62514,2026-10-08T08:20:42.099199+00:00
2026-05-08,5.18,5.1,5.07,5.25,5.0,5.5,18941.74,509058.25,174786.04,-214938.57,-234346.0,crore,2026-05-11,https://www.rbi.org.in/Scripts/BS_PressReleaseDisplay.aspx?prid=62715,https://www.rbi.org.in/Scripts/BS_PressReleaseDisplay.aspx?prid=62514,2026-10-08T08:20:41.248301+00:00
2026-05-09,,,,5.25,5.0,5.5,0.0,0.0,0.0,-214846.57,-206851.0,crore,2026-05-11,https://www.rbi.org.in/Scripts/BS_PressReleaseDisplay.aspx?prid=62716,https://www.rbi.org.in/Scripts/BS_PressReleaseDisplay.aspx?prid=62514,2026-10-08T08:20:40.157897+00:00
2026-05-10,,,,5.25,5.0,5.5,0.0,0.0,0.0,-222157.57,-214277.0,crore,2026-05-11,https://www.rbi.org.in/Scripts/BS_PressReleaseDisplay.aspx?prid=62717,https://www.rbi.org.in/Scripts/BS_PressReleaseDisplay.aspx?prid=62514,2026-10-08T08:20:38.869721+00:00
2026-05-11,5.31,5.14,5.1,5.25,5.0,5.5,16111.14,525740.85,189200.78,-194231.57,-202844.0,crore,2026-05-12,https://www.rbi.org.in/Scripts/BS_PressReleaseDisplay.aspx?prid=62720,https://www.rbi.org.in/Scripts/BS_PressReleaseDisplay.aspx?prid=62514,2026-10-08T08:20:37.151772+00:00
2026-05-12,5.25,5.13,5.11,5.25,5.0,5.5,16051.42,544521.75,172504.58,-228342.57,-236955.0,crore,2026-05-13,https://www.rbi.org.in/Scripts/BS_PressReleaseDisplay.aspx?prid=62726,https://www.rbi.org.in/Scripts/BS_PressReleaseDisplay.aspx?prid=62514,2026-10-08T08:20:36.057488+00:00
2026-05-13,5.24,5.08,5.1,5.25,5.0,5.5,15770.95,553550.75,182849.05,-222656.57,-238984.0,crore,2026-05-14,https://www.rbi.org.in/Scripts/BS_PressReleaseDisplay.aspx?prid=62731,https://www.rbi.org.in/Scripts/BS_PressReleaseDisplay.aspx?prid=62514,2026-10-08T08:20:35.214964+00:00
2026-05-14,5.21,5.05,5.06,5.25,5.0,5.5,15463.05,540321.75,175888.6,-217548.57,-233876.0,crore,2026-05-15,https://www.rbi.org.in/Scripts/BS_PressReleaseDisplay.aspx?prid=62740,https://www.rbi.org.in/Scripts/BS_PressReleaseDisplay.aspx?prid=62514,2026-10-08T08:20:34.256336+00:00
2026-05-15,4.87,5.25,4.74,5.25,5.0,5.5,1067.8,5864.4,475.63,-248221.57,-257359.0,crore,2026-05-18,https://www.rbi.org.in/Scripts/BS_PressReleaseDisplay.aspx?prid=62751,https://www.rbi.org.in/Scripts/BS_PressReleaseDisplay.aspx?prid=62514,2026-10-08T08:20:33.292906+00:00
2026-05-16,4.94,5.01,5.03,5.25,5.0,5.5,1500.75,14679.35,219.53,-199256.57,-207005.0,crore,2026-05-18,https://www.rbi.org.in/Scripts/BS_PressReleaseDisplay.aspx?prid=62753,https://www.rbi.org.in/Scripts/BS_PressReleaseDisplay.aspx?prid=62514,2026-10-08T08:20:31.178658+00:00
2026-05-17,,,,5.25,5.0,5.5,0.0,0.0,0.0,-142473.57,-144896.0,crore,2026-05-18,https://www.rbi.org.in/Scripts/BS_PressReleaseDisplay.aspx?prid=62754,https://www.rbi.org.in/Scripts/BS_PressReleaseDisplay.aspx?prid=62514,2026-10-08T08:20:30.275126+00:00
2026-05-18,5.18,5.07,5.09,5.25,5.0,5.5,17303.29,561403.9,175939.15,-182434.57,-191572.0,crore,2026-05-19,https://www.rbi.org.in/Scripts/BS_PressReleaseDisplay.aspx?prid=62764,https://www.rbi.org.in/Scripts/BS_PressReleaseDisplay.aspx?prid=62514,2026-10-08T08:20:28.139160+00:00
2026-05-19,5.21,5.07,5.09,5.25,5.0,5.5,15011.35,536221.75,180900.8,-150871.57,-176014.0,crore,2026-05-20,https://www.rbi.org.in/Scripts/BS_PressReleaseDisplay.aspx?prid=62770,https://www.rbi.org.in/Scripts/BS_PressReleaseDisplay.aspx?prid=62514,2026-10-08T08:20:26.110591+00:00
2026-05-20,5.23,5.15,5.15,5.25,5.0,5.5,18512.49,515953.65,186071.94,-128630.52,-152610.0,crore,2026-05-21,https://www.rbi.org.in/Scripts/BS_PressReleaseDisplay.aspx?prid=62778,https://www.rbi.org.in/Scripts/BS_PressReleaseDisplay.aspx?prid=62514,2026-10-08T08:20:25.200015+00:00
2026-05-21,5.27,5.2,5.18,5.25,5.0,5.5,18675.13,524704.1,184692.9,-58876.29,-100043.0,crore,2026-05-22,https://www.rbi.org.in/Scripts/BS_PressReleaseDisplay.aspx?prid=62784,https://www.rbi.org.in/Scripts/BS_PressReleaseDisplay.aspx?prid=62514,2026-10-08T08:20:23.979589+00:00
2026-05-22,5.37,5.26,5.23,5.25,5.0,5.5,19954.0,534151.7,164175.94,-54977.42,-96456.0,crore,2026-05-25,https://www.rbi.org.in/Scripts/BS_PressReleaseDisplay.aspx?prid=62799,https://www.rbi.org.in/Scripts/BS_PressReleaseDisplay.aspx?prid=62514,2026-10-08T08:20:23.046121+00:00
2026-05-23,,,,5.25,5.0,5.5,0.0,0.0,0.0,-51821.42,-170925.0,crore,2026-05-25,https://www.rbi.org.in/Scripts/BS_PressReleaseDisplay.aspx?prid=62801,https://www.rbi.org.in/Scripts/BS_PressReleaseDisplay.aspx?prid=62514,2026-10-08T08:20:22.131555+00:00
2026-05-24,,,,5.25,5.0,5.5,0.0,0.0,0.0,-55286.42,-174478.0,crore,2026-05-25,https://www.rbi.org.in/Scripts/BS_PressReleaseDisplay.aspx?prid=62802,https://www.rbi.org.in/Scripts/BS_PressReleaseDisplay.aspx?prid=62514,2026-10-08T08:20:21.121245+00:00
2026-05-25,5.36,5.21,5.2,5.25,5.0,5.5,16332.75,533857.1,166142.01,-67285.42,-76828.0,crore,2026-05-26,https://www.rbi.org.in/Scripts/BS_PressReleaseDisplay.aspx?prid=62806,https://www.rbi.org.in/Scripts/BS_PressReleaseDisplay.aspx?prid=62514,2026-10-08T08:20:19.982259+00:00
2026-05-26,5.35,5.18,5.16,5.25,5.0,5.5,14282.67,535313.9,173948.41,-54465.42,-152800.0,crore,2026-05-27,https://www.rbi.org.in/Scripts/BS_PressReleaseDisplay.aspx?prid=62810,https://www.rbi.org.in/Scripts/BS_PressReleaseDisplay.aspx?prid=62514,2026-10-08T08:20:19.023044+00:00
2026-05-27,5.36,5.24,5.2,5.25,5.0,5.5,18886.72,531093.15,190350.92,-66898.44,-165912.0,crore,2026-05-29,https://www.rbi.org.in/Scripts/BS_PressReleaseDisplay.aspx?prid=62817,https://www.rbi.org.in/Scripts/BS_PressReleaseDisplay.aspx?prid=62514,2026-10-08T08:20:18.054092+00:00
2026-05-28,,,,5.25,5.0,5.5,0.0,0.0,0.0,-67482.44,-160296.0,crore,2026-05-29,https://www.rbi.org.in/Scripts/BS_PressReleaseDisplay.aspx?prid=62822,https://www.rbi.org.in/Scripts/BS_PressReleaseDisplay.aspx?prid=62514,2026-10-08T08:20:17.338154+00:00
2026-05-29,5.05,5.15,4.67,5.25,5.0,5.5,1393.65,12456.7,1195.91,-103837.44,-114346.0,crore,2026-06-01,https://www.rbi.org.in/Scripts/BS_PressReleaseDisplay.aspx?prid=62839,https://www.rbi.org.in/Scripts/BS_PressReleaseDisplay.aspx?prid=62514,2026-10-08T08:21:26.129169+00:00
2026-05-30,4.94,4.91,4.47,5.25,5.0,5.5,837.95,21350.3,928.74,-138778.44,-236795.0,crore,2026-06-01,https://www.rbi.org.in/Scripts/BS_PressReleaseDisplay.aspx?prid=62842,https://www.rbi.org.in/Scripts/BS_PressReleaseDisplay.aspx?prid=62514,2026-10-08T08:21:25.225840+00:00
2026-05-31,,,,5.25,5.0,5.5,0.0,0.0,0.0,-139480.44,-233965.0,crore,2026-06-01,https://www.rbi.org.in/Scripts/BS_PressReleaseDisplay.aspx?prid=62843,https://www.rbi.org.in/Scripts/BS_PressReleaseDisplay.aspx?prid=62514,2026-10-08T08:21:24.026571+00:00
2026-06-01,5.3,5.16,5.12,5.25,5.0,5.5,24027.64,534019.3,199035.37,-85411.44,-95920.0,crore,2026-06-02,https://www.rbi.org.in/Scripts/BS_PressReleaseDisplay.aspx?prid=62847,https://www.rbi.org.in/Scripts/BS_PressReleaseDisplay.aspx?prid=62514,2026-10-08T08:21:23.165608+00:00
2026-06-02,5.28,5.2,5.16,5.25,5.0,5.5,18057.45,478506.1,187632.99,-112335.71,-122840.0,crore,2026-06-03,https://www.rbi.org.in/Scripts/BS_PressReleaseDisplay.aspx?prid=62852,https://www.rbi.org.in/Scripts/BS_PressReleaseDisplay.aspx?prid=62514,2026-10-08T08:21:22.243774+00:00
2026-06-03,5.27,5.13,5.14,5.25,5.0,5.5,16234.72,501256.8,187249.93,-170644.71,-198594.0,crore,2026-06-04,https://www.rbi.org.in/Scripts/BS_PressReleaseDisplay.aspx?prid=62858,https://www.rbi.org.in/Scripts/BS_PressReleaseDisplay.aspx?prid=62514,2026-10-08T08:21:21.143240+00:00
2026-06-04,5.27,5.04,5.07,5.25,5.0,5.5,18288.69,476270.75,192915.96,-188770.03,-226924.0,crore,2026-06-05,https://www.rbi.org.in/Scripts/BS_PressReleaseDisplay.aspx?prid=62862,https://www.rbi.org.in/Scripts/BS_PressReleaseDisplay.aspx?prid=62514,2026-10-08T08:21:18.967828+00:00
2026-06-05,4.91,4.99,4.5,5.25,5.0,5.5,904.25,7154.4,146.07,-185817.03,-195166.0,crore,2026-06-08,https://www.rbi.org.in/Scripts/BS_PressReleaseDisplay.aspx?prid=62881,https://www.rbi.org.in/Scripts/BS_PressReleaseDisplay.aspx?prid=62863,2026-10-08T08:21:18.052976+00:00
2026-06-06,4.88,5.05,5.32,5.25,5.0,5.5,1050.05,20194.05,5073.61,-159398.03,-153461.0,crore,2026-06-08,https://www.rbi.org.in/Scripts/BS_PressReleaseDisplay.aspx?prid=62883,https://www.rbi.org.in/Scripts/BS_PressReleaseDisplay.aspx?prid=62863,2026-10-08T08:21:16.930012+00:00
2026-06-07,,,,5.25,5.0,5.5,0.0,0.0,0.0,-166139.03,-147916.0,crore,2026-06-08,https://www.rbi.org.in/Scripts/BS_PressReleaseDisplay.aspx?prid=62884,https://www.rbi.org.in/Scripts/BS_PressReleaseDisplay.aspx?prid=62863,2026-10-08T08:21:14.812031+00:00
2026-06-08,5.3,5.2,5.16,5.25,5.0,5.5,17207.64,518614.6,187786.29,-133691.03,-143040.0,crore,2026-06-09,https://www.rbi.org.in/Scripts/BS_PressReleaseDisplay.aspx?prid=62895,https://www.rbi.org.in/Scripts/BS_PressReleaseDisplay.aspx?prid=62863,2026-10-08T08:21:13.576459+00:00
2026-06-09,5.27,5.18,5.18,5.25,5.0,5.5,18485.71,519605.55,183099.84,-147212.03,-180221.0,crore,2026-06-10,https://www.rbi.org.in/Scripts/BS_PressReleaseDisplay.aspx?prid=62899,https://www.rbi.org.in/Scripts/BS_PressReleaseDisplay.aspx?prid=62863,2026-10-08T08:21:12.692583+00:00
2026-06-10,5.28,5.18,5.17,5.25,5.0,5.5,18967.63,517947.65,175986.34,-146007.03,-179446.0,crore,2026-06-11,https://www.rbi.org.in/Scripts/BS_PressReleaseDisplay.aspx?prid=62912,https://www.rbi.org.in/Scripts/BS_PressReleaseDisplay.aspx?prid=62863,2026-10-08T08:21:11.615398+00:00
2026-06-11,5.27,5.13,5.16,5.25,5.0,5.5,16981.69,515214.5,184830.6,-158987.21,-192961.0,crore,2026-06-12,https://www.rbi.org.in/Scripts/BS_PressReleaseDisplay.aspx?prid=62917,https://www.rbi.org.in/Scripts/BS_PressReleaseDisplay.aspx?prid=62863,2026-10-08T08:21:09.970110+00:00
2026-06-12,5.27,5.14,5.16,5.25,5.0,5.5,14966.55,490422.15,173690.9,-165541.21,-176046.0,crore,2026-06-15,https://www.rbi.org.in/Scripts/BS_PressReleaseDisplay.aspx?prid=62929,https://www.rbi.org.in/Scripts/BS_PressReleaseDisplay.aspx?prid=62863,2026-10-08T08:21:09.064285+00:00
2026-06-13,,,,5.25,5.0,5.5,0.0,0.0,0.0,-174022.21,-161845.0,crore,2026-06-15,https://www.rbi.org.in/Scripts/BS_PressReleaseDisplay.aspx?prid=62931,https://www.rbi.org.in/Scripts/BS_PressReleaseDisplay.aspx?prid=62863,2026-10-08T08:21:08.072099+00:00
2026-06-14,,,,5.25,5.0,5.5,0.0,0.0,0.0,-172856.21,-160769.0,crore,2026-06-15,https://www.rbi.org.in/Scripts/BS_PressReleaseDisplay.aspx?prid=62932,https://www.rbi.org.in/Scripts/BS_PressReleaseDisplay.aspx?prid=62863,2026-10-08T08:21:07.174837+00:00
2026-06-15,5.29,5.27,5.23,5.25,5.0,5.5,18322.1,512509.85,177505.98,-151131.21,-161636.0,crore,2026-06-16,https://www.rbi.org.in/Scripts/BS_PressReleaseDisplay.aspx?prid=62942,https://www.rbi.org.in/Scripts/BS_PressReleaseDisplay.aspx?prid=62863,2026-10-08T08:21:06.300576+00:00
2026-06-16,5.36,5.3,5.28,5.25,5.0,5.5,18276.53,496403.35,174074.57,-23881.21,-34386.0,crore,2026-06-17,https://www.rbi.org.in/Scripts/BS_PressReleaseDisplay.aspx?prid=62948,https://www.rbi.org.in/Scripts/BS_PressReleaseDisplay.aspx?prid=62863,2026-10-08T08:21:05.447229+00:00
2026-06-17,5.35,5.19,5.27,5.25,5.0,5.5,20840.09,486503.9,173076.36,-4772.21,-104717.0,crore,2026-06-18,https://www.rbi.org.in/Scripts/BS_PressReleaseDisplay.aspx?prid=62955,https://www.rbi.org.in/Scripts/BS_PressReleaseDisplay.aspx?prid=62863,2026-10-08T08:21:04.442457+00:00
2026-06-18,5.33,5.04,5.18,5.25,5.0,5.5,18500.97,487821.15,153230.78,-19163.11,-191642.0,crore,2026-06-19,https://www.rbi.org.in/Scripts/BS_PressReleaseDisplay.aspx?prid=62968,https://www.rbi.org.in/Scripts/BS_PressReleaseDisplay.aspx?prid=62863,2026-10-08T08:21:03.419424+00:00
2026-06-19,4.96,5.03,4.56,5.25,5.0,5.5,1150.35,8333.15,191.19,-35190.11,-135365.0,crore,2026-06-22,https://www.rbi.org.in/Scripts/BS_PressReleaseDisplay.aspx?prid=62984,https://www.rbi.org.in/Scripts/BS_PressReleaseDisplay.aspx?prid=62863,2026-10-08T08:21:02.273129+00:00
2026-06-20,4.85,5.03,5.05,5.25,5.0,5.5,740.1,15083.5,87.84,-32203.11,-147587.0,crore,2026-06-22,https://www.rbi.org.in/Scripts/BS_PressReleaseDisplay.aspx?prid=62986,https://www.rbi.org.in/Scripts/BS_PressReleaseDisplay.aspx?prid=62863,2026-10-08T08:20:59.953336+00:00
2026-06-21,,,,5.25,5.0,5.5,0.0,0.0,0.0,-30685.11,-143642.0,crore,2026-06-22,https://www.rbi.org.in/Scripts/BS_PressReleaseDisplay.aspx?prid=62987,https://www.rbi.org.in/Scripts/BS_PressReleaseDisplay.aspx?prid=62863,2026-10-08T08:20:59.107803+00:00
2026-06-22,5.33,5.29,5.26,5.25,5.0,5.5,19151.55,485409.25,171044.34,19971.89,-80203.0,crore,2026-06-23,https://www.rbi.org.in/Scripts/BS_PressReleaseDisplay.aspx?prid=62995,https://www.rbi.org.in/Scripts/BS_PressReleaseDisplay.aspx?prid=62863,2026-10-08T08:20:58.175921+00:00
2026-06-23,5.38,5.24,5.28,5.25,5.0,5.5,20969.93,487749.6,182451.39,14823.89,4069.0,crore,2026-06-24,https://www.rbi.org.in/Scripts/BS_PressReleaseDisplay.aspx?prid=63002,https://www.rbi.org.in/Scripts/BS_PressReleaseDisplay.aspx?prid=62863,2026-10-08T08:20:56.992826+00:00
2026-06-24,5.37,5.2,5.23,5.25,5.0,5.5,21919.29,462044.8,187136.98,10311.89,-141614.0,crore,2026-06-25,https://www.rbi.org.in/Scripts/BS_PressReleaseDisplay.aspx?prid=63012,https://www.rbi.org.in/Scripts/BS_PressReleaseDisplay.aspx?prid=62863,2026-10-08T08:20:55.101520+00:00
2026-06-25,5.39,5.3,5.27,5.25,5.0,5.5,19561.97,455431.35,184881.45,39196.89,-112729.0,crore,2026-06-29,https://www.rbi.org.in/Scripts/BS_PressReleaseDisplay.aspx?prid=63032,https://www.rbi.org.in/Scripts/BS_PressReleaseDisplay.aspx?prid=62863,2026-10-08T08:20:54.189121+00:00
2026-06-26,,,,5.25,5.0,5.5,0.0,0.0,0.0,42668.89,-124008.0,crore,2026-06-29,https://www.rbi.org.in/Scripts/BS_PressReleaseDisplay.aspx?prid=63034,https://www.rbi.org.in/Scripts/BS_PressReleaseDisplay.aspx?prid=62863,2026-10-08T08:20:52.967241+00:00
2026-06-27,,,,5.25,5.0,5.5,0.0,0.0,0.0,40787.89,-123481.0,crore,2026-06-29,https://www.rbi.org.in/Scripts/BS_PressReleaseDisplay.aspx?prid=63035,https://www.rbi.org.in/Scripts/BS_PressReleaseDisplay.aspx?prid=62863,2026-10-08T08:20:52.029270+00:00
2026-06-28,,,,5.25,5.0,5.5,0.0,0.0,0.0,41562.89,-122676.0,crore,2026-06-29,https://www.rbi.org.in/Scripts/BS_PressReleaseDisplay.aspx?prid=63036,https://www.rbi.org.in/Scripts/BS_PressReleaseDisplay.aspx?prid=62863,2026-10-08T08:20:51.131453+00:00
2026-06-29,5.34,5.25,5.31,5.25,5.0,5.5,17307.82,445714.15,176598.64,13076.51,-139481.0,crore,2026-06-30,https://www.rbi.org.in/Scripts/BS_PressReleaseDisplay.aspx?prid=63044,https://www.rbi.org.in/Scripts/BS_PressReleaseDisplay.aspx?prid=62863,2026-10-08T08:20:50.262976+00:00
2026-06-30,5.43,5.39,5.32,5.25,5.0,5.5,12288.36,433193.5,162817.97,-112577.49,-198985.0,crore,2026-07-01,https://www.rbi.org.in/Scripts/BS_PressReleaseDisplay.aspx?prid=63059,https://www.rbi.org.in/Scripts/BS_PressReleaseDisplay.aspx?prid=62863,2026-10-08T08:21:56.714304+00:00
2026-07-01,5.28,5.22,5.23,5.25,5.0,5.5,21115.55,507156.8,167820.87,-86468.18,-97827.0,crore,2026-07-02,https://www.rbi.org.in/Scripts/BS_PressReleaseDisplay.aspx?prid=63068,https://www.rbi.org.in/Scripts/BS_PressReleaseDisplay.aspx?prid=62863,2026-10-08T08:21:55.842225+00:00
2026-07-02,5.27,5.1,5.1,5.25,5.0,5.5,16996.11,477507.9,176028.1,-99472.18,-140526.0,crore,2026-07-03,https://www.rbi.org.in/Scripts/BS_PressReleaseDisplay.aspx?prid=63076,https://www.rbi.org.in/Scripts/BS_PressReleaseDisplay.aspx?prid=62863,2026-10-08T08:21:54.534034+00:00
2026-07-03,4.9,5.06,5.37,5.25,5.0,5.5,774.35,15365.9,699.0,-167906.18,-178975.0,crore,2026-07-06,https://www.rbi.org.in/Scripts/BS_PressReleaseDisplay.aspx?prid=63088,https://www.rbi.org.in/Scripts/BS_PressReleaseDisplay.aspx?prid=62863,2026-10-08T08:21:53.677529+00:00
2026-07-04,4.88,4.88,4.84,5.25,5.0,5.5,744.55,11764.9,1327.94,-170007.18,-179583.0,crore,2026-07-06,https://www.rbi.org.in/Scripts/BS_PressReleaseDisplay.aspx?prid=63090,https://www.rbi.org.in/Scripts/BS_PressReleaseDisplay.aspx?prid=62863,2026-10-08T08:21:52.656907+00:00
2026-07-05,,,,5.25,5.0,5.5,0.0,0.0,0.0,-184898.18,-189279.0,crore,2026-07-06,https://www.rbi.org.in/Scripts/BS_PressReleaseDisplay.aspx?prid=63091,https://www.rbi.org.in/Scripts/BS_PressReleaseDisplay.aspx?prid=62863,2026-10-08T08:21:51.831386+00:00
2026-07-06,5.25,5.14,5.12,5.25,5.0,5.5,17791.29,485625.6,175623.62,-119104.18,-129188.0,crore,2026-07-07,https://www.rbi.org.in/Scripts/BS_PressReleaseDisplay.aspx?prid=63096,https://www.rbi.org.in/Scripts/BS_PressReleaseDisplay.aspx?prid=62863,2026-10-08T08:21:50.923779+00:00
2026-07-07,5.25,5.14,5.19,5.25,5.0,5.5,17876.66,455374.4,172427.83,-125832.18,-150516.0,crore,2026-07-08,https://www.rbi.org.in/Scripts/BS_PressReleaseDisplay.aspx?prid=63104,https://www.rbi.org.in/Scripts/BS_PressReleaseDisplay.aspx?prid=62863,2026-10-08T08:21:49.969099+00:00
2026-07-08,5.27,5.2,5.21,5.25,5.0,5.5,22781.79,450275.35,179050.48,-74181.18,-98865.0,crore,2026-07-09,https://www.rbi.org.in/Scripts/BS_PressReleaseDisplay.aspx?prid=63108,https://www.rbi.org.in/Scripts/BS_PressReleaseDisplay.aspx?prid=62863,2026-10-08T08:21:48.980424+00:00
2026-07-09,5.34,5.27,5.3,5.25,5.0,5.5,24893.22,480842.85,178345.95,-110894.18,-120978.0,crore,2026-07-10,https://www.rbi.org.in/Scripts/BS_PressReleaseDisplay.aspx?prid=63117,https://www.rbi.org.in/Scripts/BS_PressReleaseDisplay.aspx?prid=62863,2026-10-08T08:21:48.049324+00:00
2026-07-10,5.35,5.2,5.26,5.25,5.0,5.5,22988.27,458831.55,171647.33,-113865.18,-123949.0,crore,2026-07-13,https://www.rbi.org.in/Scripts/BS_PressReleaseDisplay.aspx?prid=63125,https://www.rbi.org.in/Scripts/BS_PressReleaseDisplay.aspx?prid=62863,2026-10-08T08:21:47.148842+00:00
2026-07-11,,,,5.25,5.0,5.5,0.0,0.0,0.0,-114843.18,-171611.0,crore,2026-07-13,https://www.rbi.org.in/Scripts/BS_PressReleaseDisplay.aspx?prid=63126,https://www.rbi.org.in/Scripts/BS_PressReleaseDisplay.aspx?prid=62863,2026-10-08T08:21:46.307010+00:00
2026-07-12,,,,5.25,5.0,5.5,0.0,0.0,0.0,-114776.18,-171544.0,crore,2026-07-13,https://www.rbi.org.in/Scripts/BS_PressReleaseDisplay.aspx?prid=63127,https://www.rbi.org.in/Scripts/BS_PressReleaseDisplay.aspx?prid=62863,2026-10-08T08:21:45.377796+00:00
2026-07-13,5.3,5.17,5.26,5.25,5.0,5.5,24560.93,455716.35,179387.02,-139248.18,-149332.0,crore,2026-07-14,https://www.rbi.org.in/Scripts/BS_PressReleaseDisplay.aspx?prid=63140,https://www.rbi.org.in/Scripts/BS_PressReleaseDisplay.aspx?prid=62863,2026-10-08T08:21:43.345259+00:00
2026-07-14,5.24,5.09,5.19,5.25,5.0,5.5,22662.51,442650.85,178336.51,-148792.18,-158876.0,crore,2026-07-15,https://www.rbi.org.in/Scripts/BS_PressReleaseDisplay.aspx?prid=63148,https://www.rbi.org.in/Scripts/BS_PressReleaseDisplay.aspx?prid=62863,2026-10-08T08:21:42.308583+00:00
2026-07-15,5.24,5.13,5.15,5.25,5.0,5.5,18401.0,458374.4,179142.84,-130684.18,-140768.0,crore,2026-07-16,https://www.rbi.org.in/Scripts/BS_PressReleaseDisplay.aspx?prid=63160,https://www.rbi.org.in/Scripts/BS_PressReleaseDisplay.aspx?prid=62863,2026-10-08T08:21:41.106468+00:00
2026-07-16,5.35,5.32,5.28,5.25,5.0,5.5,21228.64,471326.3,182271.6,-83196.18,-93280.0,crore,2026-07-17,https://www.rbi.org.in/Scripts/BS_PressReleaseDisplay.aspx?prid=63167,https://www.rbi.org.in/Scripts/BS_PressReleaseDisplay.aspx?prid=62863,2026-10-08T08:21:40.168843+00:00
2026-07-17,5.17,5.19,4.74,5.25,5.0,5.5,1793.25,4305.95,213.63,-70888.18,-81672.0,crore,2026-07-20,https://www.rbi.org.in/Scripts/BS_PressReleaseDisplay.aspx?prid=63187,https://www.rbi.org.in/Scripts/BS_PressReleaseDisplay.aspx?prid=62863,2026-10-08T08:21:39.306633+00:00
2026-07-18,4.94,4.41,4.59,5.25,5.0,5.5,908.15,16111.0,1361.0,-82900.18,-164025.0,crore,2026-07-20,https://www.rbi.org.in/Scripts/BS_PressReleaseDisplay.aspx?prid=63190,https://www.rbi.org.in/Scripts/BS_PressReleaseDisplay.aspx?prid=62863,2026-10-08T08:21:38.361523+00:00
2026-07-19,,,,5.25,5.0,5.5,0.0,0.0,0.0,-84420.18,-159575.0,crore,2026-07-20,https://www.rbi.org.in/Scripts/BS_PressReleaseDisplay.aspx?prid=63191,https://www.rbi.org.in/Scripts/BS_PressReleaseDisplay.aspx?prid=62863,2026-10-08T08:21:37.401240+00:00
2026-07-20,5.34,5.25,5.28,5.25,5.0,5.5,15684.92,469428.3,178278.71,-69596.18,-80945.0,crore,2026-07-21,https://www.rbi.org.in/Scripts/BS_PressReleaseDisplay.aspx?prid=63200,https://www.rbi.org.in/Scripts/BS_PressReleaseDisplay.aspx?prid=62863,2026-10-08T08:21:36.554598+00:00
2026-07-21,5.35,5.23,5.3,5.25,5.0,5.5,19098.18,446470.05,183019.88,-9289.18,-94249.0,crore,2026-07-22,https://www.rbi.org.in/Scripts/BS_PressReleaseDisplay.aspx?prid=63207,https://www.rbi.org.in/Scripts/BS_PressReleaseDisplay.aspx?prid=62863,2026-10-08T08:21:35.614438+00:00
2026-07-22,5.38,5.22,5.29,5.25,5.0,5.5,14662.89,459373.95,178647.36,-2884.18,-122135.0,crore,2026-07-23,https://www.rbi.org.in/Scripts/BS_PressReleaseDisplay.aspx?prid=63214,https://www.rbi.org.in/Scripts/BS_PressReleaseDisplay.aspx?prid=62863,2026-10-08T08:21:34.659163+00:00
2026-07-23,5.28,5.02,5.19,5.25,5.0,5.5,14221.94,472781.75,180028.69,-57121.34,-184619.0,crore,2026-07-24,https://www.rbi.org.in/Scripts/BS_PressReleaseDisplay.aspx?prid=63224,https://www.rbi.org.in/Scripts/BS_PressReleaseDisplay.aspx?prid=62863,2026-10-08T08:21:33.824032+00:00
2026-07-24,5.12,5.05,5.1,5.25,5.0,5.5,20906.96,478230.15,175386.02,-93331.34,-178362.0,crore,2026-07-27,https://www.rbi.org.in/Scripts/BS_PressReleaseDisplay.aspx?prid=63234,https://www.rbi.org.in/Scripts/BS_PressReleaseDisplay.aspx?prid=62863,2026-10-08T08:21:32.909084+00:00
2026-07-25,,,,5.25,5.0,5.5,0.0,0.0,0.0,-93211.34,-174733.0,crore,2026-07-27,https://www.rbi.org.in/Scripts/BS_PressReleaseDisplay.aspx?prid=63236,https://www.rbi.org.in/Scripts/BS_PressReleaseDisplay.aspx?prid=62863,2026-10-08T08:21:32.007687+00:00
2026-07-26,,,,5.25,5.0,5.5,0.0,0.0,0.0,-93980.34,-175382.0,crore,2026-07-27,https://www.rbi.org.in/Scripts/BS_PressReleaseDisplay.aspx?prid=63237,https://www.rbi.org.in/Scripts/BS_PressReleaseDisplay.aspx?prid=62863,2026-10-08T08:21:31.050224+00:00
2026-07-27,5.26,5.22,5.15,5.25,5.0,5.5,18826.61,485865.95,193869.28,-100247.34,-113227.0,crore,2026-07-28,https://www.rbi.org.in/Scripts/BS_PressReleaseDisplay.aspx?prid=63246,https://www.rbi.org.in/Scripts/BS_PressReleaseDisplay.aspx?prid=62863,2026-10-08T08:21:29.918831+00:00
2026-07-28,5.31,5.3,5.2,5.25,5.0,5.5,16083.05,479909.6,187105.88,-106954.34,-132654.0,crore,2026-07-29,https://www.rbi.org.in/Scripts/BS_PressReleaseDisplay.aspx?prid=63252,https://www.rbi.org.in/Scripts/BS_PressReleaseDisplay.aspx?prid=62863,2026-10-08T08:21:28.916025+00:00
2026-07-29,5.3,5.14,5.09,5.25,5.0,5.5,16884.6,469381.6,178305.75,-116296.34,-141996.0,crore,2026-07-30,https://www.rbi.org.in/Scripts/BS_PressReleaseDisplay.aspx?prid=63256,https://www.rbi.org.in/Scripts/BS_PressReleaseDisplay.aspx?prid=62863,2026-10-08T08:21:28.076673+00:00
2026-07-30,5.29,5.27,5.16,5.25,5.0,5.5,13812.42,479902.6,192009.51,-130102.34,-143082.0,crore,2026-07-31,https://www.rbi.org.in/Scripts/BS_PressReleaseDisplay.aspx?prid=63260,https://www.rbi.org.in/Scripts/BS_PressReleaseDisplay.aspx?prid=62863,2026-10-08T08:21:27.107707+00:00
2026-07-31,5.15,5.26,3.9,5.25,5.0,5.5,1459.85,7458.3,250.48,-232932.34,-245912.0,crore,2026-08-03,https://www.rbi.org.in/Scripts/BS_PressReleaseDisplay.aspx?prid=63275,https://www.rbi.org.in/Scripts/BS_PressReleaseDisplay.aspx?prid=62863,2026-10-08T08:22:26.954778+00:00
2026-08-01,4.95,4.84,4.32,5.25,5.0,5.5,1361.7,9533.7,313.1,-191497.34,-202669.0,crore,2026-08-03,https://www.rbi.org.in/Scripts/BS_PressReleaseDisplay.aspx?prid=63276,https://www.rbi.org.in/Scripts/BS_PressReleaseDisplay.aspx?prid=62863,2026-10-08T08:22:26.046040+00:00
2026-08-02,,,,5.25,5.0,5.5,0.0,0.0,0.0,-192914.34,-184045.0,crore,2026-08-03,https://www.rbi.org.in/Scripts/BS_PressReleaseDisplay.aspx?prid=63277,https://www.rbi.org.in/Scripts/BS_PressReleaseDisplay.aspx?prid=62863,2026-10-08T08:22:24.886502+00:00
2026-08-03,5.1,4.94,5.0,5.25,5.0,5.5,12835.57,462245.85,174717.49,-243841.34,-256821.0,crore,2026-08-04,https://www.rbi.org.in/Scripts/BS_PressReleaseDisplay.aspx?prid=63281,https://www.rbi.org.in/Scripts/BS_PressReleaseDisplay.aspx?prid=62863,2026-10-08T08:22:23.779737+00:00
2026-08-04,5.06,4.88,4.92,5.25,5.0,5.5,12051.13,436898.6,176402.09,-333512.34,-345372.0,crore,2026-08-05,https://www.rbi.org.in/Scripts/BS_PressReleaseDisplay.aspx?prid=63286,https://www.rbi.org.in/Scripts/BS_PressReleaseDisplay.aspx?prid=62863,2026-10-08T08:22:22.878905+00:00
2026-08-05,5.05,4.88,4.91,5.25,5.0,5.5,14149.24,426328.2,176556.41,-344406.34,-355001.0,crore,2026-08-06,https://www.rbi.org.in/Scripts/BS_PressReleaseDisplay.aspx?prid=63296,https://www.rbi.org.in/Scripts/BS_PressReleaseDisplay.aspx?prid=63287,2026-10-08T08:22:21.836633+00:00
2026-08-06,5.18,5.02,5.08,5.25,5.0,5.5,13606.39,420159.15,179257.28,-361414.34,-372009.0,crore,2026-08-07,https://www.rbi.org.in/Scripts/BS_PressReleaseDisplay.aspx?prid=63308,https://www.rbi.org.in/Scripts/BS_PressReleaseDisplay.aspx?prid=63287,2026-10-08T08:22:20.829677+00:00
2026-08-07,5.09,4.96,5.0,5.25,5.0,5.5,15677.12,410804.2,179931.89,-349660.34,-229969.0,crore,2026-08-10,https://www.rbi.org.in/Scripts/BS_PressReleaseDisplay.aspx?prid=63323,https://www.rbi.org.in/Scripts/BS_PressReleaseDisplay.aspx?prid=63287,2026-10-08T08:22:19.892194+00:00
2026-08-08,,,,5.25,5.0,5.5,0.0,0.0,0.0,-349930.34,-225265.0,crore,2026-08-10,https://www.rbi.org.in/Scripts/BS_PressReleaseDisplay.aspx?prid=63327,https://www.rbi.org.in/Scripts/BS_PressReleaseDisplay.aspx?prid=63287,2026-10-08T08:22:19.048317+00:00
2026-08-09,,,,5.25,5.0,5.5,0.0,0.0,0.0,-348771.34,-224196.0,crore,2026-08-10,https://www.rbi.org.in/Scripts/BS_PressReleaseDisplay.aspx?prid=63328,https://www.rbi.org.in/Scripts/BS_PressReleaseDisplay.aspx?prid=63287,2026-10-08T08:22:18.212662+00:00
2026-08-10,5.09,4.99,5.09,5.25,5.0,5.5,13301.83,433042.25,170089.92,-319400.34,-329995.0,crore,2026-08-11,https://www.rbi.org.in/Scripts/BS_PressReleaseDisplay.aspx?prid=63334,https://www.rbi.org.in/Scripts/BS_PressReleaseDisplay.aspx?prid=63287,2026-10-08T08:22:17.194219+00:00
2026-08-11,5.09,4.98,5.04,5.25,5.0,5.5,14865.67,412484.75,170364.4,-334714.34,-249499.0,crore,2026-08-12,https://www.rbi.org.in/Scripts/BS_PressReleaseDisplay.aspx?prid=63345,https://www.rbi.org.in/Scripts/BS_PressReleaseDisplay.aspx?prid=63287,2026-10-08T08:22:16.317506+00:00
2026-08-12,5.11,5.04,5.08,5.25,5.0,5.5,15174.91,397202.3,175614.97,-343345.58,-214886.0,crore,2026-08-13,https://www.rbi.org.in/Scripts/BS_PressReleaseDisplay.aspx?prid=63358,https://www.rbi.org.in/Scripts/BS_PressReleaseDisplay.aspx?prid=63287,2026-10-08T08:22:15.405847+00:00
2026-08-13,5.21,5.09,5.12,5.25,5.0,5.5,19326.43,389967.65,164806.62,-354167.58,-225708.0,crore,2026-08-14,https://www.rbi.org.in/Scripts/BS_PressReleaseDisplay.aspx?prid=63365,https://www.rbi.org.in/Scripts/BS_PressReleaseDisplay.aspx?prid=63287,2026-10-08T08:22:14.500223+00:00
2026-08-14,5.23,5.06,5.13,5.25,5.0,5.5,13497.74,404961.35,165572.91,-398328.58,-312429.0,crore,2026-08-17,https://www.rbi.org.in/Scripts/BS_PressReleaseDisplay.aspx?prid=63382,https://www.rbi.org.in/Scripts/BS_PressReleaseDisplay.aspx?prid=63287,2026-10-08T08:22:13.611636+00:00
2026-08-15,,,,5.25,5.0,5.5,0.0,0.0,0.0,-395939.58,-229152.0,crore,2026-08-17,https://www.rbi.org.in/Scripts/BS_PressReleaseDisplay.aspx?prid=63386,https://www.rbi.org.in/Scripts/BS_PressReleaseDisplay.aspx?prid=63287,2026-10-08T08:22:12.772027+00:00
2026-08-16,,,,5.25,5.0,5.5,0.0,0.0,0.0,-363796.58,-195176.0,crore,2026-08-17,https://www.rbi.org.in/Scripts/BS_PressReleaseDisplay.aspx?prid=63387,https://www.rbi.org.in/Scripts/BS_PressReleaseDisplay.aspx?prid=63287,2026-10-08T08:22:11.675952+00:00
2026-08-17,5.18,5.02,5.06,5.25,5.0,5.5,13126.53,428843.2,182414.37,-362558.34,-372469.0,crore,2026-08-18,https://www.rbi.org.in/Scripts/BS_PressReleaseDisplay.aspx?prid=63391,https://www.rbi.org.in/Scripts/BS_PressReleaseDisplay.aspx?prid=63287,2026-10-08T08:22:10.650499+00:00
2026-08-18,5.11,4.97,5.05,5.25,5.0,5.5,11328.97,457896.55,170597.37,-390969.34,-301935.0,crore,2026-08-19,https://www.rbi.org.in/Scripts/BS_PressReleaseDisplay.aspx?prid=63399,https://www.rbi.org.in/Scripts/BS_PressReleaseDisplay.aspx?prid=63287,2026-10-08T08:22:09.619968+00:00
2026-08-19,5.15,4.96,5.03,5.25,5.0,5.5,11991.91,444150.45,165164.43,-370859.94,-281831.0,crore,2026-08-20,https://www.rbi.org.in/Scripts/BS_PressReleaseDisplay.aspx?prid=63405,https://www.rbi.org.in/Scripts/BS_PressReleaseDisplay.aspx?prid=63287,2026-10-08T08:22:08.633158+00:00
2026-08-20,5.16,5.05,5.01,5.25,5.0,5.5,15676.67,441475.0,179010.04,-350057.94,-260599.0,crore,2026-08-21,https://www.rbi.org.in/Scripts/BS_PressReleaseDisplay.aspx?prid=63413,https://www.rbi.org.in/Scripts/BS_PressReleaseDisplay.aspx?prid=63287,2026-10-08T08:22:07.556650+00:00
2026-08-21,5.19,5.07,4.97,5.25,5.0,5.5,13284.41,452790.2,183576.32,-340041.94,-250583.0,crore,2026-08-24,https://www.rbi.org.in/Scripts/BS_PressReleaseDisplay.aspx?prid=63427,https://www.rbi.org.in/Scripts/BS_PressReleaseDisplay.aspx?prid=63287,2026-10-08T08:22:06.684070+00:00
2026-08-22,,,,5.25,5.0,5.5,0.0,0.0,0.0,-342424.94,-155634.0,crore,2026-08-24,https://www.rbi.org.in/Scripts/BS_PressReleaseDisplay.aspx?prid=63431,https://www.rbi.org.in/Scripts/BS_PressReleaseDisplay.aspx?prid=63287,2026-10-08T08:22:05.552102+00:00
2026-08-23,,,,5.25,5.0,5.5,0.0,0.0,0.0,-340120.94,-153390.0,crore,2026-08-24,https://www.rbi.org.in/Scripts/BS_PressReleaseDisplay.aspx?prid=63432,https://www.rbi.org.in/Scripts/BS_PressReleaseDisplay.aspx?prid=63287,2026-10-08T08:22:04.375969+00:00
2026-08-24,5.19,5.02,4.96,5.25,5.0,5.5,17145.82,480936.65,182624.58,-364165.94,-371497.0,crore,2026-08-25,https://www.rbi.org.in/Scripts/BS_PressReleaseDisplay.aspx?prid=63440,https://www.rbi.org.in/Scripts/BS_PressReleaseDisplay.aspx?prid=63287,2026-10-08T08:22:03.253174+00:00
2026-08-25,5.18,5.01,4.98,5.25,5.0,5.5,14100.71,477584.6,180749.95,-381000.34,-295362.0,crore,2026-08-27,https://www.rbi.org.in/Scripts/BS_PressReleaseDisplay.aspx?prid=63446,https://www.rbi.org.in/Scripts/BS_PressReleaseDisplay.aspx?prid=63287,2026-10-08T08:22:02.294881+00:00
2026-08-26,,,,5.25,5.0,5.5,0.0,0.0,0.0,-375730.34,-190718.0,crore,2026-08-27,https://www.rbi.org.in/Scripts/BS_PressReleaseDisplay.aspx?prid=63449,https://www.rbi.org.in/Scripts/BS_PressReleaseDisplay.aspx?prid=63287,2026-10-08T08:22:01.311719+00:00
2026-08-27,5.21,5.08,5.02,5.25,5.0,5.5,13611.26,477832.85,188855.39,-374942.34,-289304.0,crore,2026-08-28,https://www.rbi.org.in/Scripts/BS_PressReleaseDisplay.aspx?prid=63457,https://www.rbi.org.in/Scripts/BS_PressReleaseDisplay.aspx?prid=63287,2026-10-08T08:22:00.307667+00:00
2026-08-28,4.99,5.02,5.03,5.25,5.0,5.5,1166.75,8526.8,493.0,-487762.34,-402124.0,crore,2026-08-31,https://www.rbi.org.in/Scripts/BS_PressReleaseDisplay.aspx?prid=63469,https://www.rbi.org.in/Scripts/BS_PressReleaseDisplay.aspx?prid=63287,2026-10-08T08:21:59.411504+00:00
2026-08-29,4.95,4.72,4.58,5.25,5.0,5.5,1590.4,9323.65,470.68,-501455.34,-262085.0,crore,2026-08-31,https://www.rbi.org.in/Scripts/BS_PressReleaseDisplay.aspx?prid=63474,https://www.rbi.org.in/Scripts/BS_PressReleaseDisplay.aspx?prid=63287,2026-10-08T08:21:58.572492+00:00
2026-08-30,,,,5.25,5.0,5.5,0.0,0.0,0.0,-504458.34,-258132.0,crore,2026-08-31,https://www.rbi.org.in/Scripts/BS_PressReleaseDisplay.aspx?prid=63475,https://www.rbi.org.in/Scripts/BS_PressReleaseDisplay.aspx?prid=63287,2026-10-08T08:21:57.644301+00:00
2026-08-31,5.18,4.96,5.0,5.25,5.0,5.5,12984.27,473195.15,173658.34,-665348.34,-671690.0,crore,2026-09-01,https://www.rbi.org.in/Scripts/BS_PressReleaseDisplay.aspx?prid=63486,https://www.rbi.org.in/Scripts/BS_PressReleaseDisplay.aspx?prid=63287,2026-10-08T08:22:59.389717+00:00
2026-09-01,5.16,4.82,4.93,5.25,5.0,5.5,11760.67,479207.75,163344.97,-776493.5,-648190.0,crore,2026-09-02,https://www.rbi.org.in/Scripts/BS_PressReleaseDisplay.aspx?prid=63497,https://www.rbi.org.in/Scripts/BS_PressReleaseDisplay.aspx?prid=63287,2026-10-08T08:22:58.544675+00:00
2026-09-02,5.02,4.68,4.79,5.25,5.0,5.5,10677.54,492388.2,146169.23,-970262.5,-727639.0,crore,2026-09-03,https://www.rbi.org.in/Scripts/BS_PressReleaseDisplay.aspx?prid=63504,https://www.rbi.org.in/Scripts/BS_PressReleaseDisplay.aspx?prid=63287,2026-10-08T08:22:57.675157+00:00
2026-09-03,4.95,4.45,4.43,5.25,5.0,5.5,6035.04,506363.2,155517.41,-1031465.5,-788842.0,crore,2026-09-04,https://www.rbi.org.in/Scripts/BS_PressReleaseDisplay.aspx?prid=63511,https://www.rbi.org.in/Scripts/BS_PressReleaseDisplay.aspx?prid=63287,2026-10-08T08:22:56.536321+00:00
2026-09-04,4.4,4.38,,5.25,5.0,5.5,387.0,3758.8,0.0,-1073184.5,-830561.0,crore,2026-09-07,https://www.rbi.org.in/Scripts/BS_PressReleaseDisplay.aspx?prid=63529,https://www.rbi.org.in/Scripts/BS_PressReleaseDisplay.aspx?prid=63287,2026-10-08T08:22:55.630416+00:00
2026-09-05,3.87,2.99,3.5,5.25,5.0,5.5,1131.75,15969.0,253.04,-1112430.5,-264000.0,crore,2026-09-07,https://www.rbi.org.in/Scripts/BS_PressReleaseDisplay.aspx?prid=63533,https://www.rbi.org.in/Scripts/BS_PressReleaseDisplay.aspx?prid=63287,2026-10-08T08:22:54.675392+00:00
2026-09-06,,,,5.25,5.0,5.5,0.0,0.0,0.0,-1116006.5,-245922.0,crore,2026-09-07,https://www.rbi.org.in/Scripts/BS_PressReleaseDisplay.aspx?prid=63534,https://www.rbi.org.in/Scripts/BS_PressReleaseDisplay.aspx?prid=63287,2026-10-08T08:22:53.730095+00:00
2026-09-07,4.97,4.59,4.23,5.25,5.0,5.5,10329.7,490641.55,178093.06,-1036485.5,-793382.0,crore,2026-09-08,https://www.rbi.org.in/Scripts/BS_PressReleaseDisplay.aspx?prid=63541,https://www.rbi.org.in/Scripts/BS_PressReleaseDisplay.aspx?prid=63287,2026-10-08T08:22:52.899941+00:00
2026-09-08,4.98,4.58,4.36,5.25,5.0,5.5,9896.91,485700.6,181433.83,-1048904.94,-659910.0,crore,2026-09-09,https://www.rbi.org.in/Scripts/BS_PressReleaseDisplay.aspx?prid=63551,https://www.rbi.org.in/Scripts/BS_PressReleaseDisplay.aspx?prid=63287,2026-10-08T08:22:51.954036+00:00
2026-09-09,4.99,4.59,4.34,5.25,5.0,5.5,11923.12,486499.45,176681.42,-1049684.89,-659493.0,crore,2026-09-10,https://www.rbi.org.in/Scripts/BS_PressReleaseDisplay.aspx?prid=63562,https://www.rbi.org.in/Scripts/BS_PressReleaseDisplay.aspx?prid=63287,2026-10-08T08:22:50.856564+00:00
2026-09-10,4.98,4.65,4.44,5.25,5.0,5.5,10335.01,486883.05,173218.94,-1043432.89,-653116.0,crore,2026-09-11,https://www.rbi.org.in/Scripts/BS_PressReleaseDisplay.aspx?prid=63572,https://www.rbi.org.in/Scripts/BS_PressReleaseDisplay.aspx?prid=63287,2026-10-08T08:22:50.007474+00:00
2026-09-11,5.02,4.68,4.56,5.25,5.0,5.5,12791.66,482918.8,171723.05,-1072701.89,-682385.0,crore,2026-09-15,https://www.rbi.org.in/Scripts/BS_PressReleaseDisplay.aspx?prid=63588,https://www.rbi.org.in/Scripts/BS_PressReleaseDisplay.aspx?prid=63287,2026-10-08T08:22:48.918069+00:00
2026-09-12,,,,5.25,5.0,5.5,0.0,0.0,0.0,-1081655.89,-280876.0,crore,2026-09-15,https://www.rbi.org.in/Scripts/BS_PressReleaseDisplay.aspx?prid=63591,https://www.rbi.org.in/Scripts/BS_PressReleaseDisplay.aspx?prid=63287,2026-10-08T08:22:46.944032+00:00
2026-09-13,,,,5.25,5.0,5.5,0.0,0.0,0.0,-1081320.89,-280631.0,crore,2026-09-15,https://www.rbi.org.in/Scripts/BS_PressReleaseDisplay.aspx?prid=63592,https://www.rbi.org.in/Scripts/BS_PressReleaseDisplay.aspx?prid=63287,2026-10-08T08:22:45.904136+00:00
2026-09-14,,,,5.25,5.0,5.5,0.0,0.0,0.0,-1040790.89,-241807.0,crore,2026-09-15,https://www.rbi.org.in/Scripts/BS_PressReleaseDisplay.aspx?prid=63593,https://www.rbi.org.in/Scripts/BS_PressReleaseDisplay.aspx?prid=63287,2026-10-08T08:22:44.798248+00:00
2026-09-15,5.06,4.85,4.63,5.25,5.0,5.5,12991.6,519302.6,169854.71,-985237.89,-671097.0,crore,2026-09-16,https://www.rbi.org.in/Scripts/BS_PressReleaseDisplay.aspx?prid=63598,https://www.rbi.org.in/Scripts/BS_PressReleaseDisplay.aspx?prid=63287,2026-10-08T08:22:43.862782+00:00
2026-09-16,5.02,4.87,4.63,5.25,5.0,5.5,13358.71,519954.5,178212.76,-737512.89,-425872.0,crore,2026-09-17,https://www.rbi.org.in/Scripts/BS_PressReleaseDisplay.aspx?prid=63607,https://www.rbi.org.in/Scripts/BS_PressReleaseDisplay.aspx?prid=63287,2026-10-08T08:22:42.931055+00:00
2026-09-17,5.05,4.95,4.67,5.25,5.0,5.5,12438.55,544235.75,169516.0,-693974.89,-401334.0,crore,2026-09-18,https://www.rbi.org.in/Scripts/BS_PressReleaseDisplay.aspx?prid=63618,https://www.rbi.org.in/Scripts/BS_PressReleaseDisplay.aspx?prid=63287,2026-10-08T08:22:41.822386+00:00
2026-09-18,4.94,5.01,4.25,5.25,5.0,5.5,1149.49,4547.2,252.69,-619975.24,-331731.0,crore,2026-09-21,https://www.rbi.org.in/Scripts/BS_PressReleaseDisplay.aspx?prid=63629,https://www.rbi.org.in/Scripts/BS_PressReleaseDisplay.aspx?prid=63287,2026-10-08T08:22:40.678681+00:00
2026-09-19,4.92,5.25,5.02,5.25,5.0,5.5,828.8,10613.25,32.32,-601689.24,-89513.0,crore,2026-09-21,https://www.rbi.org.in/Scripts/BS_PressReleaseDisplay.aspx?prid=63631,https://www.rbi.org.in/Scripts/BS_PressReleaseDisplay.aspx?prid=63287,2026-10-08T08:22:38.446504+00:00
2026-09-20,,,,5.25,5.0,5.5,0.0,0.0,0.0,-604964.24,-91665.0,crore,2026-09-21,https://www.rbi.org.in/Scripts/BS_PressReleaseDisplay.aspx?prid=63632,https://www.rbi.org.in/Scripts/BS_PressReleaseDisplay.aspx?prid=63287,2026-10-08T08:22:37.402248+00:00
2026-09-21,5.24,5.16,5.02,5.25,5.0,5.5,16390.64,530421.95,185989.96,-491790.24,-228546.0,crore,2026-09-22,https://www.rbi.org.in/Scripts/BS_PressReleaseDisplay.aspx?prid=63641,https://www.rbi.org.in/Scripts/BS_PressReleaseDisplay.aspx?prid=63287,2026-10-08T08:22:36.480121+00:00
2026-09-22,5.24,5.13,5.04,5.25,5.0,5.5,15782.26,551739.55,169487.29,-444386.24,-228907.0,crore,2026-09-23,https://www.rbi.org.in/Scripts/BS_PressReleaseDisplay.aspx?prid=63647,https://www.rbi.org.in/Scripts/BS_PressReleaseDisplay.aspx?prid=63287,2026-10-08T08:22:35.466701+00:00
2026-09-23,5.21,5.1,5.06,5.25,5.0,5.5,11812.91,527652.25,178931.14,-434252.24,-222273.0,crore,2026-09-24,https://www.rbi.org.in/Scripts/BS_PressReleaseDisplay.aspx?prid=63653,https://www.rbi.org.in/Scripts/BS_PressReleaseDisplay.aspx?prid=63287,2026-10-08T08:22:34.483327+00:00
2026-09-24,5.12,5.09,5.05,5.25,5.0,5.5,19916.29,540980.8,178322.68,-427253.24,-263274.0,crore,2026-09-25,https://www.rbi.org.in/Scripts/BS_PressReleaseDisplay.aspx?prid=63661,https://www.rbi.org.in/Scripts/BS_PressReleaseDisplay.aspx?prid=63287,2026-10-08T08:22:33.630068+00:00
2026-09-25,5.2,5.11,5.05,5.25,5.0,5.5,13110.64,507385.95,194321.75,-460705.24,-311826.0,crore,2026-09-28,https://www.rbi.org.in/Scripts/BS_PressReleaseDisplay.aspx?prid=63675,https://www.rbi.org.in/Scripts/BS_PressReleaseDisplay.aspx?prid=63287,2026-10-08T08:22:32.532911+00:00
2026-09-26,,,,5.25,5.0,5.5,0.0,0.0,0.0,-424891.24,-182274.0,crore,2026-09-28,https://www.rbi.org.in/Scripts/BS_PressReleaseDisplay.aspx?prid=63677,https://www.rbi.org.in/Scripts/BS_PressReleaseDisplay.aspx?prid=63287,2026-10-08T08:22:31.258484+00:00
2026-09-27,,,,5.25,5.0,5.5,0.0,0.0,0.0,-439485.24,-198169.0,crore,2026-09-28,https://www.rbi.org.in/Scripts/BS_PressReleaseDisplay.aspx?prid=63678,https://www.rbi.org.in/Scripts/BS_PressReleaseDisplay.aspx?prid=63287,2026-10-08T08:22:30.272579+00:00
2026-09-28,5.11,5.05,5.09,5.25,5.0,5.5,17367.62,537826.35,180312.59,-479892.24,-336013.0,crore,2026-09-29,https://www.rbi.org.in/Scripts/BS_PressReleaseDisplay.aspx?prid=63683,https://www.rbi.org.in/Scripts/BS_PressReleaseDisplay.aspx?prid=63287,2026-10-08T08:22:28.797369+00:00
2026-09-29,5.08,5.05,5.05,5.25,5.0,5.5,19256.6,537487.2,178252.42,-466404.34,-327407.0,crore,2026-09-30,https://www.rbi.org.in/Scripts/BS_PressReleaseDisplay.aspx?prid=63691,https://www.rbi.org.in/Scripts/BS_PressReleaseDisplay.aspx?prid=63287,2026-10-08T08:22:27.813519+00:00
2026-09-30,5.22,5.07,5.15,5.25,5.0,5.5,10354.82,479348.35,176419.98,-486903.82,-347892.0,crore,2026-10-01,https://www.rbi.org.in/Scripts/BS_PressReleaseDisplay.aspx?prid=63704,https://www.rbi.org.in/Scripts/BS_PressReleaseDisplay.aspx?prid=63287,2026-10-08T08:23:08.737126+00:00
2026-10-01,5.04,5.39,5.25,5.25,5.0,5.5,1475.2,12541.45,1307.76,-437548.82,-298537.0,crore,2026-10-05,https://www.rbi.org.in/Scripts/BS_PressReleaseDisplay.aspx?prid=63720,https://www.rbi.org.in/Scripts/BS_PressReleaseDisplay.aspx?prid=63287,2026-10-08T08:23:07.509210+00:00
2026-10-02,,,,5.25,5.0,5.5,0.0,0.0,0.0,-444800.82,-132755.0,crore,2026-10-05,https://www.rbi.org.in/Scripts/BS_PressReleaseDisplay.aspx?prid=63723,https://www.rbi.org.in/Scripts/BS_PressReleaseDisplay.aspx?prid=63287,2026-10-08T08:23:06.506596+00:00
2026-10-03,4.94,4.87,4.02,5.25,5.0,5.5,1832.9,18856.4,616.5,-516995.82,-208656.0,crore,2026-10-05,https://www.rbi.org.in/Scripts/BS_PressReleaseDisplay.aspx?prid=63724,https://www.rbi.org.in/Scripts/BS_PressReleaseDisplay.aspx?prid=63287,2026-10-08T08:23:05.258839+00:00
2026-10-04,,,,5.25,5.0,5.5,0.0,0.0,0.0,-515658.82,-203127.0,crore,2026-10-05,https://www.rbi.org.in/Scripts/BS_PressReleaseDisplay.aspx?prid=63725,https://www.rbi.org.in/Scripts/BS_PressReleaseDisplay.aspx?prid=63287,2026-10-08T08:23:04.346902+00:00
2026-10-05,5.09,5.08,5.05,5.25,5.0,5.5,12896.2,525952.65,185538.41,-530095.82,-391084.0,crore,2026-10-06,https://www.rbi.org.in/Scripts/BS_PressReleaseDisplay.aspx?prid=63734,https://www.rbi.org.in/Scripts/BS_PressReleaseDisplay.aspx?prid=63287,2026-10-08T08:23:03.153752+00:00
2026-10-06,5.12,5.06,5.07,5.25,5.0,5.5,12676.98,521789.3,184165.55,-498715.82,-359704.0,crore,2026-10-07,https://www.rbi.org.in/Scripts/BS_PressReleaseDisplay.aspx?prid=63741,https://www.rbi.org.in/Scripts/BS_PressReleaseDisplay.aspx?prid=63287,2026-10-08T08:23:02.100317+00:00
2026-10-07,5.36,5.32,5.33,5.5,5.25,5.75,13337.07,505051.35,182624.75,-423480.82,-427594.0,crore,2026-10-08,https://www.rbi.org.in/Scripts/BS_PressReleaseDisplay.aspx?prid=63754,https://www.rbi.org.in/Scripts/BS_PressReleaseDisplay.aspx?prid=63742,2026-10-08T08:23:00.229315+00:00
