"Index Name","Date","Open","High","Low","Close"
"NIFTY 50","04 Oct 2019","11388.45","11400.30","11158.35","11174.75"
"NIFTY 50","03 Oct 2019","11322.25","11370.40","11257.35","11314.00"
"NIFTY 50","01 Oct 2019","11515.40","11554.20","11247.90","11359.90"
"NIFTY 50","30 Sep 2019","11491.15","11508.25","11390.80","11474.45"
"NIFTY 50","27 Sep 2019","11556.35","11593.60","11499.75","11512.40"
"NIFTY 50","26 Sep 2019","11469.85","11610.85","11466.35","11571.20"
"NIFTY 50","25 Sep 2019","11564.85","11564.95","11416.10","11440.20"
"NIFTY 50","24 Sep 2019","11590.70","11655.05","11539.20","11588.20"
"NIFTY 50","23 Sep 2019","11542.70","11694.85","11471.35","11600.20"
"NIFTY 50","20 Sep 2019","10746.80","11381.90","10691.00","11274.20"
"NIFTY 50","19 Sep 2019","10845.20","10845.20","10670.25","10704.80"
"NIFTY 50","18 Sep 2019","10872.80","10885.15","10804.85","10840.65"
"NIFTY 50","17 Sep 2019","11000.10","11000.10","10796.50","10817.60"
"NIFTY 50","16 Sep 2019","10994.85","11052.70","10968.20","11003.50"
"NIFTY 50","13 Sep 2019","10986.80","11084.45","10945.75","11075.90"
"NIFTY 50","12 Sep 2019","11058.30","11081.75","10964.95","10982.80"
"NIFTY 50","11 Sep 2019","11028.50","11054.80","11011.65","11035.70"
"NIFTY 50","09 Sep 2019","10936.70","11028.85","10889.80","11003.05"
"NIFTY 50","06 Sep 2019","10883.80","10957.05","10867.45","10946.20"
"NIFTY 50","05 Sep 2019","10860.95","10920.10","10816.00","10847.90"
"NIFTY 50","04 Sep 2019","10790.40","10858.75","10746.35","10844.65"
"NIFTY 50","03 Sep 2019","10960.95","10967.50","10772.70","10797.90"
"NIFTY 50","30 Aug 2019","10987.80","11042.60","10874.80","11023.25"
"NIFTY 50","29 Aug 2019","10996.05","11021.10","10922.40","10948.30"
"NIFTY 50","28 Aug 2019","11101.30","11129.65","10987.65","11046.10"
"NIFTY 50","27 Aug 2019","11106.55","11141.75","11049.50","11105.35"
"NIFTY 50","26 Aug 2019","11000.30","11070.30","10756.55","11057.85"
"NIFTY 50","23 Aug 2019","10699.60","10862.55","10637.15","10829.35"
"NIFTY 50","22 Aug 2019","10905.30","10908.25","10718.30","10741.35"
"NIFTY 50","21 Aug 2019","11018.15","11034.20","10906.65","10918.70"
"NIFTY 50","20 Aug 2019","11063.90","11076.30","10985.30","11017.00"
"NIFTY 50","19 Aug 2019","11094.80","11146.90","11037.85","11053.90"
"NIFTY 50","16 Aug 2019","11043.65","11068.65","10924.30","11047.80"
"NIFTY 50","14 Aug 2019","11003.25","11078.15","10935.60","11029.40"
"NIFTY 50","13 Aug 2019","11139.40","11145.90","10901.60","10925.85"
"NIFTY 50","09 Aug 2019","11087.90","11181.45","11062.80","11109.65"
"NIFTY 50","08 Aug 2019","10899.20","11058.05","10842.95","11032.45"
"NIFTY 50","07 Aug 2019","10958.10","10975.65","10835.90","10855.50"
"NIFTY 50","06 Aug 2019","10815.40","11018.55","10813.80","10948.25"
"NIFTY 50","05 Aug 2019","10895.80","10895.80","10782.60","10862.60"
"NIFTY 50","02 Aug 2019","10930.30","11080.15","10848.95","10997.35"
"NIFTY 50","01 Aug 2019","11060.20","11076.75","10881.00","10980.00"
"NIFTY 50","31 Jul 2019","11034.05","11145.30","10999.40","11118.00"
"NIFTY 50","30 Jul 2019","11213.70","11267.45","11072.65","11085.40"
"NIFTY 50","29 Jul 2019","11307.50","11310.95","11152.40","11189.20"
"NIFTY 50","26 Jul 2019","11247.45","11307.60","11210.05","11284.30"
"NIFTY 50","25 Jul 2019","11290.40","11361.40","11239.35","11252.15"
"NIFTY 50","24 Jul 2019","11322.45","11359.75","11229.80","11271.30"
"NIFTY 50","23 Jul 2019","11372.25","11398.15","11302.80","11331.05"
"NIFTY 50","22 Jul 2019","11392.85","11398.15","11301.25","11346.20"
"NIFTY 50","19 Jul 2019","11627.95","11640.35","11399.30","11419.25"
"NIFTY 50","18 Jul 2019","11675.60","11677.15","11582.40","11596.90"
"NIFTY 50","17 Jul 2019","11670.75","11706.65","11651.15","11687.50"
"NIFTY 50","16 Jul 2019","11596.65","11670.05","11573.95","11662.60"
"NIFTY 50","15 Jul 2019","11614.75","11618.40","11532.30","11588.35"
"NIFTY 50","12 Jul 2019","11601.15","11639.55","11538.60","11552.50"
"NIFTY 50","11 Jul 2019","11561.45","11599.00","11519.50","11582.90"
"NIFTY 50","10 Jul 2019","11536.15","11593.70","11475.65","11498.90"
"NIFTY 50","09 Jul 2019","11531.60","11582.55","11461.00","11555.90"
"NIFTY 50","08 Jul 2019","11770.40","11771.90","11523.30","11558.60"
"NIFTY 50","05 Jul 2019","11964.75","11981.75","11797.90","11811.15"
"NIFTY 50","04 Jul 2019","11928.80","11969.25","11923.65","11946.75"
"NIFTY 50","03 Jul 2019","11932.15","11945.20","11887.05","11916.75"
"NIFTY 50","02 Jul 2019","11890.30","11917.45","11814.70","11910.30"
"NIFTY 50","01 Jul 2019","11839.90","11884.65","11830.80","11865.60"
"NIFTY 50","28 Jun 2019","11861.15","11871.70","11775.50","11788.85"
"NIFTY 50","27 Jun 2019","11860.85","11911.15","11821.05","11841.55"
"NIFTY 50","26 Jun 2019","11768.15","11871.85","11757.55","11847.55"
"NIFTY 50","25 Jun 2019","11681.00","11814.40","11651.00","11796.45"
"NIFTY 50","24 Jun 2019","11725.80","11754.00","11670.20","11699.65"
"NIFTY 50","21 Jun 2019","11827.60","11827.95","11705.10","11724.10"
"NIFTY 50","20 Jun 2019","11653.65","11843.50","11635.05","11831.75"
"NIFTY 50","19 Jun 2019","11744.45","11802.50","11625.10","11691.45"
"NIFTY 50","18 Jun 2019","11677.05","11727.20","11641.15","11691.50"
"NIFTY 50","17 Jun 2019","11844.00","11844.05","11657.75","11672.15"
"NIFTY 50","14 Jun 2019","11910.10","11911.85","11797.70","11823.30"
"NIFTY 50","13 Jun 2019","11873.90","11931.35","11817.05","11914.05"
"NIFTY 50","12 Jun 2019","11962.45","11962.45","11866.35","11906.20"
"NIFTY 50","11 Jun 2019","11959.85","12000.35","11904.35","11965.60"
"NIFTY 50","10 Jun 2019","11934.90","11975.05","11871.75","11922.70"
"NIFTY 50","07 Jun 2019","11865.20","11897.50","11769.50","11870.65"
"NIFTY 50","06 Jun 2019","12039.80","12039.80","11830.25","11843.75"
"NIFTY 50","04 Jun 2019","12052.65","12095.20","12005.85","12021.65"
"NIFTY 50","03 Jun 2019","11953.75","12103.05","11920.10","12088.55"
"NIFTY 50","31 May 2019","11999.80","12039.25","11829.45","11922.80"
"NIFTY 50","30 May 2019","11865.30","11968.55","11859.40","11945.90"
"NIFTY 50","29 May 2019","11905.80","11931.90","11836.80","11861.10"
"NIFTY 50","28 May 2019","11958.35","11958.55","11864.90","11928.75"
"NIFTY 50","27 May 2019","11855.50","11957.15","11812.40","11924.75"
"NIFTY 50","24 May 2019","11748.00","11859.00","11658.10","11844.10"
"NIFTY 50","23 May 2019","11901.30","12041.15","11614.50","11657.05"
"NIFTY 50","22 May 2019","11727.95","11784.80","11682.40","11737.90"
"NIFTY 50","21 May 2019","11863.65","11883.55","11682.80","11709.10"
"NIFTY 50","20 May 2019","11651.90","11845.20","11591.70","11828.25"
"NIFTY 50","17 May 2019","11261.90","11426.15","11259.85","11407.15"
"NIFTY 50","16 May 2019","11180.35","11281.55","11143.35","11257.10"
"NIFTY 50","15 May 2019","11271.70","11286.80","11136.95","11157.00"
"NIFTY 50","14 May 2019","11151.65","11294.75","11108.30","11222.05"
"NIFTY 50","13 May 2019","11258.70","11300.20","11125.60","11148.20"
"NIFTY 50","10 May 2019","11314.15","11345.80","11251.05","11278.90"
"NIFTY 50","09 May 2019","11322.40","11357.60","11255.05","11301.80"
"NIFTY 50","08 May 2019","11478.70","11479.10","11346.95","11359.45"
"NIFTY 50","07 May 2019","11651.50","11657.05","11484.45","11497.90"
"NIFTY 50","06 May 2019","11605.80","11632.55","11571.35","11598.25"
"NIFTY 50","03 May 2019","11722.60","11770.90","11699.35","11712.25"
"NIFTY 50","02 May 2019","11725.55","11789.30","11699.55","11724.75"
"NIFTY 50","30 Apr 2019","11748.75","11756.25","11655.90","11748.15"
"NIFTY 50","26 Apr 2019","11683.75","11762.90","11661.75","11754.65"
"NIFTY 50","25 Apr 2019","11735.70","11796.75","11624.30","11641.80"
"NIFTY 50","24 Apr 2019","11601.50","11740.85","11578.85","11726.15"
"NIFTY 50","23 Apr 2019","11612.95","11645.95","11564.80","11575.95"
"NIFTY 50","22 Apr 2019","11727.05","11727.05","11583.95","11594.45"
"NIFTY 50","18 Apr 2019","11856.15","11856.15","11738.50","11752.80"
"NIFTY 50","16 Apr 2019","11736.20","11810.95","11731.55","11787.15"
"NIFTY 50","15 Apr 2019","11667.00","11704.60","11648.25","11690.35"
"NIFTY 50","12 Apr 2019","11612.85","11657.35","11578.80","11643.45"
"NIFTY 50","11 Apr 2019","11592.55","11606.70","11550.55","11596.70"
"NIFTY 50","10 Apr 2019","11646.85","11680.05","11571.75","11584.30"
"NIFTY 50","09 Apr 2019","11612.05","11683.90","11569.70","11671.95"
"NIFTY 50","08 Apr 2019","11704.35","11710.30","11549.10","11604.50"
"NIFTY 50","05 Apr 2019","11638.40","11689.65","11609.50","11665.95"
"NIFTY 50","04 Apr 2019","11660.20","11662.55","11559.20","11598.00"
"NIFTY 50","03 Apr 2019","11735.30","11761.00","11629.15","11643.95"
"NIFTY 50","02 Apr 2019","11711.55","11729.35","11655.85","11713.20"
"NIFTY 50","01 Apr 2019","11665.20","11738.10","11644.75","11669.15"
"NIFTY 50","29 Mar 2019","11625.45","11630.35","11570.15","11623.90"
"NIFTY 50","28 Mar 2019","11463.65","11588.50","11452.45","11570.00"
"NIFTY 50","27 Mar 2019","11531.45","11546.20","11413.00","11445.05"
"NIFTY 50","26 Mar 2019","11375.20","11496.75","11352.45","11483.25"
"NIFTY 50","25 Mar 2019","11395.65","11395.65","11311.60","11354.25"
"NIFTY 50","22 Mar 2019","11549.20","11572.80","11434.55","11456.90"
"NIFTY 50","20 Mar 2019","11553.35","11556.10","11503.10","11521.05"
"NIFTY 50","19 Mar 2019","11500.30","11543.85","11451.25","11532.40"
"NIFTY 50","18 Mar 2019","11473.85","11530.15","11412.50","11462.20"
"NIFTY 50","15 Mar 2019","11376.85","11487.00","11370.80","11426.85"
"NIFTY 50","14 Mar 2019","11382.50","11383.45","11313.75","11343.25"
"NIFTY 50","13 Mar 2019","11326.20","11352.30","11276.60","11341.70"
"NIFTY 50","12 Mar 2019","11231.35","11320.40","11227.00","11301.20"
"NIFTY 50","11 Mar 2019","11068.75","11180.90","11059.85","11168.05"
"NIFTY 50","08 Mar 2019","11038.85","11049.00","11008.95","11035.40"
"NIFTY 50","07 Mar 2019","11077.95","11089.05","11027.10","11058.20"
"NIFTY 50","06 Mar 2019","11024.85","11062.30","10998.85","11053.00"
"NIFTY 50","05 Mar 2019","10864.85","10994.90","10817.00","10987.45"
"NIFTY 50","01 Mar 2019","10842.65","10877.90","10823.10","10863.50"
"NIFTY 50","28 Feb 2019","10865.70","10865.70","10784.85","10792.50"
"NIFTY 50","27 Feb 2019","10881.20","10939.70","10751.20","10806.65"
"NIFTY 50","26 Feb 2019","10775.30","10888.75","10729.30","10835.30"
"NIFTY 50","25 Feb 2019","10813.25","10887.10","10788.05","10880.10"
"NIFTY 50","22 Feb 2019","10782.70","10801.55","10758.40","10791.65"
"NIFTY 50","21 Feb 2019","10744.10","10808.85","10721.50","10789.85"
"NIFTY 50","20 Feb 2019","10655.45","10752.70","10646.40","10735.45"
"NIFTY 50","19 Feb 2019","10636.70","10722.85","10585.65","10604.35"
"NIFTY 50","18 Feb 2019","10738.65","10759.90","10628.40","10640.95"
"NIFTY 50","15 Feb 2019","10780.25","10785.75","10620.40","10724.40"
"NIFTY 50","14 Feb 2019","10786.10","10792.70","10718.75","10746.05"
"NIFTY 50","13 Feb 2019","10870.55","10891.65","10772.10","10793.65"
"NIFTY 50","12 Feb 2019","10879.70","10910.90","10823.80","10831.40"
"NIFTY 50","11 Feb 2019","10930.90","10930.90","10857.10","10888.80"
"NIFTY 50","08 Feb 2019","11023.50","11041.20","10925.45","10943.60"
"NIFTY 50","07 Feb 2019","11070.45","11118.10","11043.60","11069.40"
"NIFTY 50","06 Feb 2019","10965.10","11072.60","10962.70","11062.45"
"NIFTY 50","05 Feb 2019","10908.65","10956.70","10886.70","10934.35"
"NIFTY 50","04 Feb 2019","10876.75","10927.90","10814.15","10912.25"
"NIFTY 50","01 Feb 2019","10851.35","10983.45","10813.45","10893.65"
"NIFTY 50","31 Jan 2019","10690.55","10838.05","10678.55","10830.95"
"NIFTY 50","30 Jan 2019","10702.25","10710.20","10612.85","10651.80"
"NIFTY 50","29 Jan 2019","10653.70","10690.35","10583.65","10652.20"
"NIFTY 50","28 Jan 2019","10792.45","10804.45","10630.95","10661.55"
"NIFTY 50","25 Jan 2019","10859.75","10931.70","10756.45","10780.55"
"NIFTY 50","24 Jan 2019","10844.05","10866.60","10798.65","10849.80"
"NIFTY 50","23 Jan 2019","10931.05","10944.80","10811.95","10831.50"
"NIFTY 50","22 Jan 2019","10949.80","10949.80","10864.15","10922.75"
"NIFTY 50","21 Jan 2019","10919.35","10987.45","10885.75","10961.85"
"NIFTY 50","18 Jan 2019","10914.85","10928.20","10852.20","10906.95"
"NIFTY 50","17 Jan 2019","10920.85","10930.65","10844.65","10905.20"
"NIFTY 50","16 Jan 2019","10899.65","10928.15","10876.90","10890.30"
"NIFTY 50","15 Jan 2019","10777.55","10896.95","10777.55","10886.80"
"NIFTY 50","14 Jan 2019","10807.00","10808.00","10692.35","10737.60"
"NIFTY 50","11 Jan 2019","10834.75","10850.15","10739.40","10794.95"
"NIFTY 50","10 Jan 2019","10859.35","10859.35","10801.80","10821.60"
"NIFTY 50","09 Jan 2019","10862.40","10870.40","10749.40","10855.15"
"NIFTY 50","08 Jan 2019","10786.25","10818.45","10733.25","10802.15"
"NIFTY 50","07 Jan 2019","10804.85","10835.95","10750.15","10771.80"
"NIFTY 50","04 Jan 2019","10699.70","10741.05","10628.65","10727.35"
"NIFTY 50","03 Jan 2019","10796.80","10814.05","10661.25","10672.25"
"NIFTY 50","02 Jan 2019","10868.85","10895.35","10735.05","10792.50"
"NIFTY 50","01 Jan 2019","10881.70","10923.60","10807.10","10910.10"
"NIFTY 50","31 Dec 2018","10913.20","10923.55","10853.20","10862.55"
"NIFTY 50","28 Dec 2018","10820.95","10893.60","10817.15","10859.90"
"NIFTY 50","27 Dec 2018","10817.90","10834.20","10764.45","10779.80"
"NIFTY 50","26 Dec 2018","10635.45","10747.50","10534.55","10729.85"
"NIFTY 50","24 Dec 2018","10780.90","10782.30","10649.25","10663.50"
"NIFTY 50","21 Dec 2018","10944.25","10963.65","10738.65","10754.00"
"NIFTY 50","20 Dec 2018","10885.20","10962.55","10880.05","10951.70"
"NIFTY 50","19 Dec 2018","10930.55","10985.15","10928.00","10967.30"
"NIFTY 50","18 Dec 2018","10850.90","10915.40","10819.10","10908.70"
"NIFTY 50","17 Dec 2018","10853.20","10900.35","10844.85","10888.35"
"NIFTY 50","14 Dec 2018","10784.50","10815.75","10752.10","10805.45"
"NIFTY 50","13 Dec 2018","10810.75","10838.60","10749.50","10791.55"
"NIFTY 50","12 Dec 2018","10591.00","10752.20","10560.80","10737.60"
"NIFTY 50","11 Dec 2018","10350.05","10567.15","10333.85","10549.15"
"NIFTY 50","10 Dec 2018","10508.70","10558.85","10474.95","10488.45"
"NIFTY 50","07 Dec 2018","10644.80","10704.55","10599.35","10693.70"
"NIFTY 50","06 Dec 2018","10718.15","10722.65","10588.25","10601.15"
"NIFTY 50","05 Dec 2018","10820.45","10821.05","10747.95","10782.90"
"NIFTY 50","04 Dec 2018","10877.10","10890.95","10833.35","10869.50"
"NIFTY 50","03 Dec 2018","10930.70","10941.20","10845.35","10883.75"
"NIFTY 50","30 Nov 2018","10892.10","10922.45","10835.10","10876.75"
"NIFTY 50","29 Nov 2018","10808.70","10883.05","10782.35","10858.70"
"NIFTY 50","28 Nov 2018","10708.75","10757.80","10699.85","10728.85"
"NIFTY 50","27 Nov 2018","10621.45","10695.15","10596.35","10685.60"
"NIFTY 50","26 Nov 2018","10568.30","10637.80","10489.75","10628.60"
"NIFTY 50","22 Nov 2018","10612.65","10646.25","10512.00","10526.75"
"NIFTY 50","21 Nov 2018","10670.95","10671.30","10562.35","10600.05"
"NIFTY 50","20 Nov 2018","10740.10","10740.85","10640.85","10656.20"
"NIFTY 50","19 Nov 2018","10731.25","10774.70","10688.80","10763.40"
"NIFTY 50","16 Nov 2018","10644.00","10695.15","10631.15","10682.20"
"NIFTY 50","15 Nov 2018","10580.60","10646.50","10557.50","10616.70"
"NIFTY 50","14 Nov 2018","10634.90","10651.60","10532.70","10576.30"
"NIFTY 50","13 Nov 2018","10451.90","10596.25","10440.55","10582.50"
"NIFTY 50","12 Nov 2018","10607.80","10645.50","10464.05","10482.20"
"NIFTY 50","09 Nov 2018","10614.70","10619.55","10544.85","10585.20"
"NIFTY 50","07 Nov 2018","10614.45","10616.45","10582.30","10598.40"
"NIFTY 50","06 Nov 2018","10552.00","10600.25","10491.45","10530.00"
"NIFTY 50","05 Nov 2018","10558.75","10558.80","10477.00","10524.00"
"NIFTY 50","02 Nov 2018","10462.30","10606.95","10457.70","10553.00"
"NIFTY 50","01 Nov 2018","10441.70","10441.90","10341.90","10380.45"
"NIFTY 50","31 Oct 2018","10209.55","10396.00","10105.10","10386.60"
"NIFTY 50","30 Oct 2018","10239.40","10285.10","10175.35","10198.40"
"NIFTY 50","29 Oct 2018","10078.10","10275.30","10020.35","10250.85"
"NIFTY 50","26 Oct 2018","10122.35","10128.85","10004.55","10030.00"
"NIFTY 50","25 Oct 2018","10135.05","10166.60","10079.30","10124.90"
"NIFTY 50","24 Oct 2018","10278.15","10290.65","10126.70","10224.75"
"NIFTY 50","23 Oct 2018","10152.60","10222.10","10102.35","10146.80"
"NIFTY 50","22 Oct 2018","10405.85","10408.55","10224.00","10245.25"
"NIFTY 50","19 Oct 2018","10339.70","10380.10","10249.60","10303.55"
"NIFTY 50","17 Oct 2018","10688.70","10710.15","10436.45","10453.05"
"NIFTY 50","16 Oct 2018","10550.15","10604.90","10525.30","10584.75"
"NIFTY 50","15 Oct 2018","10524.20","10526.30","10410.15","10512.50"
"NIFTY 50","12 Oct 2018","10331.55","10492.45","10322.15","10472.50"
"NIFTY 50","11 Oct 2018","10169.80","10335.95","10138.60","10234.65"
"NIFTY 50","10 Oct 2018","10331.85","10482.35","10318.25","10460.10"
"NIFTY 50","09 Oct 2018","10390.30","10397.60","10279.35","10301.05"
"NIFTY 50","08 Oct 2018","10310.15","10398.35","10198.40","10348.05"
"NIFTY 50","05 Oct 2018","10514.10","10540.65","10261.90","10316.45"
"NIFTY 50","04 Oct 2018","10754.70","10754.70","10547.25","10599.25"